Name,Name2,Team,Season,Minutes,Primary Position,All Goals,NP Goals,xG,xG/Shot,Shots,Goal Conversion%,Shooting%,Shot Touch%,Penalty Conversion%,PSxG,Assists,xG Assisted,Key Passes,OP Assists,OP xG Assisted,OP Key Passes,SP Assists,SP xG Assisted,SP Key Passes,Scoring Contribution,xG & xG Assisted,Shots & Key Passes,O/U Performance,Dribbles,Successful Dribbles,Failed Dribbles,Dribble%,Fouls Won,Penalty Wins,Dispossessed,Turnovers,Interceptions,PAdj Interceptions,Clearances,PAdj Clearances,Defensive Actions,Aggressive Actions,Blocks/Shot,Defensive Regains,Average DA X,Ball Recov. F2,Ball Recoveries,Tackles,Tack&Int,Tack/DP%,PAdj Tackles,PAdj Tack&Int,Fouls,Dribbles Stopped%,Dribbled Past,Aerial Win%,Aerial Wins,Errors,Pressures,PAdj Pressures,Pressure Regains,Counterpressures,Counterpress Regains,Average Pressure X,Pressures F2,Pressures F2%,Counterpressures F2,Counterpressures F2%,Yellow Cards,2nd Yellows,Red Cards,OP Passes,Passing%,Long Balls,L/R Footedness%,Long Ball%,Pr. Long Balls,UPr. Long Balls,Passes Pressured%,Pr. Pass%,Pr. Pass% Dif.,Average Pass X,Deep Progressions,xGBuildup,xGChain,Carries,Carry%,Carry Length,OP F3 Passes,PintoB,OP Passes Into Box,SP PintoB,Passes Inside Box,Touches In Box,PinTin,Throughballs,Successful Box Cross%,Successful Crosses,Crossing%,Deep Completions,Pass Forward%,Pass Sideways%,Pass Backward%,F3 Pass Forward%,F3 Pass Sideways%,F3 Pass Backward%,Pass Length,Pr. Pass Length,Pass Length Ratio,Pr. Pass Length%,Pr. Pass Length Dif.,Succ. Pass Length,Succ.Pr. Pass Length,Goals Conceded,PSxG Faced,GSAA,Save%,xSv%,Shot Stopping%,xG Faced,Shots Faced,Shots Faced OT%,All Shots Faced,Positioning Error,Penalties Faced,Penalties Conceded,GK Aggressive Dist.,Claims%,Pass into Danger%,Pass into Pressure%,Positive Outcome,Positive Outcome%,Pass OBV,D&C OBV,DA OBV,Shot OBV,Goalkeeper OBV,OBV,Image key
Aaliyah Farmer,Aaliyah Farmer,Tigres UANL W,2025/2026,1857,Central,0.15,0.15,0.11,0.12,0.97,15,25,0,,0.13,0.05,0.04,0.24,0.05,0.04,0.24,0,0,0,0.19,0.15,1.21,0.04,0.10,0.10,0,100,0.58,0,0.39,0.73,1.16,1.33,4.22,4.53,12.99,5.77,0.06,6.59,29.01,2.76,10.37,1.99,3.15,82,2.64,3.97,0.68,67,0.44,71,1.55,0.10,10.32,13.38,4.55,2.13,0.87,33.81,2.23,22,0.87,41,0.15,0,0,38.52,81,2.91,4,51,5.09,4.80,14,61,-20,39.52,4.12,0.47,0.54,31.25,97,6.56,4.80,0.29,0.29,0,0.10,1.99,2.28,0.10,33,0.10,67,0.10,31,65,4,36,62,2,22.61,22.53,0.94,98,-0.08,21.26,22.04,0,0,0,0,0,,0,0,,0,0,0,0,0,0,17,5,3.81,23,0.03,0.08,0.00,0.00,,0.11,
Abby Erceg,Abby Erceg,Toluca W,2025/2026,2761,Central,0.20,0.20,0.11,0.15,0.72,27,41,0,,0.13,0.03,0.03,0.20,0.03,0.03,0.16,0,0.00,0.03,0.23,0.14,0.91,0.09,0.07,0.03,0.03,50,0.33,0,0.23,0.29,1.24,1.30,3.46,3.51,8.02,3.65,0.10,3.59,24.80,1.60,11.87,0.88,2.12,77,1.03,2.33,0.46,50,0.26,73,2.05,0.07,6.68,6.54,2.48,0.78,0.26,30.07,1.08,16,0.36,46,0.03,0,0,43.75,88,4.14,17,70,3.75,5.64,10,70,-18,33.47,2.09,0.46,0.51,32.21,99,4.44,2.09,0.10,0.10,0,0.13,1.99,2.09,0.03,0,0,0,0.16,27,70,3,45,55,0,23.95,20.48,0.98,99,-3.46,23.37,20.33,0,0,0,0,0,,0,0,,0,0,0,0,0,0,14,6,3.74,20,0.06,0.04,0.04,0.00,,0.14,
Akane Lara,Akane Lara,Atlas W,2025/2026,147,Central,0,0,0.02,0.02,1.23,0,0,2,,0,0,0,0,0,0,0,0,0,0,0,0.02,1.23,-0.02,0.61,0,0.61,0,0.61,0,0,0.61,0,0,2.46,3.48,23.34,10.44,0,10.44,30.65,3.07,7.98,2.46,2.46,50,2.75,2.75,3.07,43,2.46,0,0,0,17.81,22.76,7.37,4.91,2.46,32.73,2.46,14,1.23,25,0.61,0,0,42.99,77,4.30,12,44,2.46,9.83,9,71,-5,36.93,6.76,0.14,0.14,33.17,100,4.82,5.53,0,0,0,0,0,0,0,,0,,0,35,62,3,33,67,0,24.26,12.69,0.91,134,-11.57,22.11,17.07,0,0,0,0,0,,0,0,,0,0,0,0,0,0,14,4,1.23,5,-0.01,0.06,0.06,-0.05,,0.07,
Alessandra Ramirez Muñoz,Alessandra Ramirez Muñoz,León W,2025/2026,590,Central,0.15,0.15,0.06,0.12,0.46,33,67,0,,0.12,0,0.05,0.61,0,0.05,0.61,0,0,0,0.15,0.10,1.07,0.05,0.15,0,0.15,0,0.15,0,0,0.46,0.76,0.54,3.66,2.40,7.78,3.81,0.01,3.05,26.89,1.07,8.84,0.46,1.22,100,0.43,0.97,0.61,,0,50,0.46,0,6.71,4.66,1.68,0.46,0.15,29.57,0.91,14,0.30,67,0.15,0,0,33.09,67,6.71,32,46,4.73,13.57,9,65,-2,33.05,3.05,0.39,0.47,24.25,99,5.10,2.44,0.46,0.30,0.15,0,0.91,1.22,0,33,0.15,100,0,36,62,2,56,44,0,33.33,26.61,0.86,95,-6.72,28.82,25.15,0,0,0,0,0,,0,0,,0,0,0,0,0,0,23,8,4.50,25,0.09,0.04,0.06,0.04,,0.23,
Alexa Hernández,Alexa Hernández,Santos Laguna W,2025/2026,2808,Central,0.03,0,0.04,0.09,0.45,0,14,0,100,0.02,0,0.02,0.22,0,0.02,0.22,0,0,0,0,0.06,0.67,-0.06,1.09,0.67,0.42,62,0.83,0,0.61,1.06,2.53,1.73,4.26,2.83,15.58,7.44,0.08,6.70,28.80,1.99,12.66,1.89,4.42,73,1.34,3.07,1.79,42,0.71,69,1.41,0.06,11.89,8.55,4.58,2.53,0.87,32.98,2.40,20,1.03,41,0.35,0.06,0,33.62,71,2.60,12,40,4.71,6.03,13,75,3,39.22,2.66,0.25,0.30,26.28,95,6.07,3.11,0.51,0.38,0.13,0.10,1.12,1.51,0.06,38,0.22,50,0.13,36,59,5,39,54,7,22.12,18.14,0.90,97,-3.98,19.98,17.53,0,0,0,0,0,,0,0,,0,0,0,0,0,0,30,11,2.76,19,0.09,0.08,0.08,-0.03,,0.21,
Alondra Karime Camargo Aguilar,Alondra Karime Camargo Aguilar,León W,2025/2026,2357,Central,0.04,0.04,0.04,0.09,0.42,9,18,0,,0.04,0.04,0.02,0.15,0,0.01,0.11,0.04,0.01,0.04,0.08,0.06,0.57,0.02,0.11,0.08,0.04,67,0.53,0,0.23,0.23,0.80,0.65,5.54,3.85,11.53,5.54,0.06,5.08,24.45,1.41,11.57,1.41,2.22,73,1.26,1.92,0.73,46,0.53,47,0.92,0,9.39,7.53,3.32,1.22,0.38,28.14,1.11,12,0.34,28,0.15,0,0,32.46,75,2.98,38,46,6.30,5.77,12,68,-6,34.62,1.64,0.24,0.28,22.80,99,5.40,1.95,0.08,0.08,0,0.15,1.37,1.45,0,50,0.04,50,0.27,37,61,1,43,53,4,24.49,23.27,0.93,100,-1.22,22.88,23.33,0,0,0,0,0,,0,0,,0,0,0,0,0,0,28,9,3.35,21,0.08,0.05,0.04,-0.01,,0.16,
Ana Gabriela Lozada Salas,Ana Gabriela Lozada Salas,León W,2025/2026,1099,Central,0.08,0.08,0.10,0.12,0.90,9,45,0,,0.10,0,0.00,0.08,0,0.00,0.08,0,0,0,0.08,0.11,0.98,-0.03,0.49,0.25,0.25,50,0.25,0,0.25,0.41,0.90,0.68,3.19,3.11,16.22,7.45,0.04,5.98,27.60,1.64,9.17,1.80,2.70,79,1.54,2.22,1.47,69,0.49,54,1.06,0,12.94,11.38,4.67,3.28,1.15,30.40,1.64,13,0.66,20,0.33,0,0,30.14,81,3.03,9,54,3.85,5.00,12,65,-15,35.64,2.29,0.37,0.42,23.59,98,5.51,2.21,0.25,0.25,0,0,1.72,1.97,0,0,0,0,0,32,64,4,56,41,4,23.31,21.76,0.92,105,-1.55,21.51,22.89,0,0,0,0,0,,0,0,,0,0,0,0,0,0,20,8,2.48,14,0.03,0.06,0.00,-0.07,,0.02,
Ana Mendoza González,Ana Mendoza González,Pumas UNAM W,2025/2026,2217,Central,0.04,0.04,0.02,0.02,0.81,5,25,1,,0.01,0.04,0.03,0.57,0.04,0.02,0.49,0,0.01,0.08,0.08,0.04,1.38,0.04,0.85,0.53,0.32,62,0.45,0,0.37,0.85,1.87,1.56,4.99,3.68,12.10,5.16,0.07,5.89,25.00,1.79,12.47,1.87,3.74,79,1.72,3.27,0.65,54,0.49,52,0.45,0.08,9.62,8.58,3.74,1.30,0.61,29.19,1.46,15,0.53,41,0.12,0,0,35.04,76,4.79,8,56,6.09,7.51,17,69,-6,36.81,3.94,0.48,0.49,30.09,96,7.63,3.82,0.41,0.32,0.08,0,0.37,0.69,0.16,0,0,0,0.04,33,65,2,46,51,3,26.04,22.33,0.93,93,-3.72,24.33,20.81,0,0,0,0,0,,0,0,,0,0,0,0,0,0,22,8,4.17,24,0.12,0.12,0.12,-0.02,,0.33,
Ana Torres,Ana Torres,Necaxa W,2025/2026,2592,Central,0,0,0.03,0.05,0.69,0,15,1,,0.01,0.03,0.01,0.28,0.03,0.01,0.28,0,0,0,0.03,0.05,0.97,-0.01,0.56,0.10,0.45,19,0.38,0,1.01,1.70,1.11,0.45,4.55,1.70,19.59,8.58,0.05,7.57,27.92,1.08,7.64,2.15,3.26,70,0.92,1.37,0.63,41,0.94,54,0.87,0.03,16.81,8.00,5.59,2.74,0.66,33.43,4.24,25,1.08,39,0,0,0,16.95,61,1.77,15,30,5.07,5.42,16,57,-4,34.54,1.18,0.10,0.13,13.72,86,6.66,1.35,0.14,0.14,0,0,1.01,1.15,0,50,0.07,33,0,41,53,6,36,54,10,27.06,21.07,0.79,83,-5.99,21.50,17.42,0,0,0,0,0,,0,0,,0,0,0,0,0,0,35,12,1.17,14,0.01,0.04,0.04,-0.03,,0.07,
Angela Esperanza Flores Espinoza,Angela Esperanza Flores Espinoza,Querétaro W,2025/2026,463,Central,0,0,0,,0,,,0,,0,0,0,0,0,0,0,0,0,0,0,0,0,0,0,0,0,,0.58,0,0,0.39,0.58,0.46,5.06,5.02,14.78,7.00,0.05,9.53,22.07,0.97,8.17,0.97,1.56,45,0.83,1.29,0.97,29,1.17,67,1.17,0,12.83,13.11,6.61,2.53,0.97,25.66,1.36,11,0.78,31,0,0,0,25.67,74,1.36,11,44,5.64,2.53,15,52,-22,32.42,1.36,0.06,0.06,18.67,98,4.52,1.56,0,0,0,0,0,0,0,,0,,0,30,66,4,38,50,13,22.13,20.22,0.95,94,-1.91,21.09,19.08,0,0,0,0,0,,0,0,,0,0,0,0,0,0,21,6,0.47,4,0.01,0.03,-0.12,,,-0.08,
Annia Stephany Mejía,Annia Stephany Mejía,América W,2025/2026,1251,Central,0,0,0.11,0.14,0.79,0,18,0,,0.05,0,0.03,0.07,0,0.03,0.07,0,0,0,0,0.14,0.86,-0.14,0.07,0,0.07,0,0.43,0,0.14,0.65,0.93,1.46,3.24,5.05,12.73,4.96,0.03,6.62,32.83,3.16,11.79,1.87,2.80,84,2.96,4.42,0.79,57,0.36,81,2.45,0.14,10.07,15.65,4.82,1.37,0.72,34.67,2.66,26,0.65,47,0.22,0,0,50.34,88,3.81,13,65,4.03,5.11,12,64,-24,35.85,3.31,0.55,0.61,36.53,98,4.86,3.74,0.14,0.14,0,0.07,2.01,2.16,0,0,0,,0.07,26,70,4,56,44,0,22.32,19.09,0.97,98,-3.23,21.66,18.67,0,0,0,0,0,,0,0,,0,0,0,0,0,0,17,8,3.70,16,0.07,0.03,0.00,-0.09,,0.01,
Annie Karich,Annie Karich,América W,2025/2026,2249,Central,0,0,0.08,0.06,1.28,0,16,1,,0.04,0.08,0.08,0.84,0.08,0.08,0.80,0,0.00,0.04,0.08,0.16,2.12,-0.08,0.80,0.56,0.24,70,0.64,0,0.76,0.60,1.60,2.52,1.68,2.66,17.32,7.28,0.06,7.80,39.48,5.92,14.52,2.08,3.68,76,3.19,5.71,0.88,55,0.64,59,1.32,0.08,14.48,22.17,5.68,3.44,1.04,41.16,5.36,37,1.76,51,0.12,0,0,54.41,86,5.12,21,72,2.36,6.44,13,79,-8,41.70,5.56,0.81,0.87,41.73,97,4.35,8.00,0.24,0.24,0,0.08,1.48,1.72,0,17,0.04,50,0.08,24,70,6,31,65,5,22.25,18.29,0.98,104,-3.96,21.88,19.08,0,0,0,0,0,,0,0,,0,0,0,0,0,0,18,9,7.23,30,0.08,0.06,0.02,-0.06,,0.09,
Ashlyn Harvey,Ashlyn Harvey,Monterrey W,2025/2026,509,Central,0,0,0.03,0.08,0.35,0,0,0,,0,0,0.01,0.18,0,0.01,0.18,0,0,0,0,0.04,0.53,-0.04,0.35,0.35,0,100,0.53,0,0.35,0.35,1.59,1.69,4.42,4.45,6.89,2.83,0.10,4.06,28.04,2.65,11.13,1.06,2.65,67,0.86,2.55,0.88,25,0.53,67,1.77,0,4.95,4.92,1.94,1.06,0.18,30.78,0.71,14,0.35,33,0,0,0,37.10,77,3.36,24,48,4.77,6.71,6,77,0,34.13,1.06,0.27,0.31,28.45,98,4.22,1.77,0,0,0,0,0.88,0.88,0.18,,0.18,33,0,37,62,1,50,50,0,23.92,22.67,0.92,84,-1.25,22.05,19.12,0,0,0,0,0,,0,0,,0,0,0,0,0,0,25,5,1.96,14,0.04,0.00,-0.07,-0.03,,-0.07,
B.Adu,B.Adu,León W,2025/2026,99,Central,0,0,0.06,0.07,0.91,0,100,0,,0.04,0,0,0,0,0,0,0,0,0,0,0.06,0.91,-0.06,0.91,0.91,0,100,0.91,0,0.91,0.91,5.44,3.56,4.53,3.11,12.68,4.53,0.07,2.72,24.52,1.81,7.25,0,5.44,,0,3.56,3.62,,0,0,0,0,9.06,5.92,1.81,0.91,0.91,27.27,0.91,10,0,0,1.81,0,0,17.21,50,0,25,0,4.53,3.62,15,33,-17,45.68,0.91,0.12,0.19,14.49,94,5.70,0.91,0,0,0,0,1.81,1.81,0,,0,,0,25,70,5,0,100,0,23.77,7.46,0.88,60,-16.32,20.83,4.49,0,0,0,0,0,,0,0,,0,0,0,0,0,0,50,15,2.17,17,-0.05,0.05,-0.11,-0.08,,-0.19,
B.Johnson,B.Johnson,Necaxa W,2025/2026,266,Central,0,0,0,,0,,,0,,0,0,0.00,0.34,0,0.00,0.34,0,0,0,0,0.00,0.34,0.00,0,0,0,,0,0,0,0.34,1.02,0.22,0.68,0.26,15.59,6.10,0,2.71,23.56,0,5.42,1.36,2.37,67,0.44,0.66,0.68,33,0.68,0,0,0,13.55,4.58,2.37,0.68,0,21.82,1.02,8,0.34,50,0,0,0,9.49,68,0,13,0,0.68,0.34,21,57,-11,36.49,1.02,0.00,0.00,6.78,95,8.39,0.34,0,0,0,0,0,0,0,,0,,0,32,62,6,100,0,0,18.82,18.41,0.86,100,-0.41,16.21,18.45,0,0,0,0,0,,0,0,,0,0,0,0,0,0,35,21,0.68,19,0.03,0.11,-0.08,,,0.05,
Bethzabeth Barrón,Bethzabeth Barrón,Mazatlán W,2025/2026,445,Central,0,0,0.00,0.02,0.20,0,100,0,,0.00,0,0.06,0.20,0,0.06,0.20,0,0,0,0,0.06,0.40,-0.06,0.61,0.61,0,100,0.61,0,1.41,1.21,1.41,0.49,2.42,1.21,22.02,9.09,0.01,8.69,28.69,0.61,8.08,1.62,3.03,50,0.71,1.20,1.01,36,1.62,43,0.61,0,19.40,8.10,7.48,2.63,0.81,29.82,2.22,11,0.81,31,0,0,0,17.58,55,1.62,26,30,2.83,5.05,17,40,-15,29.17,0.61,0.10,0.17,16.37,86,5.80,0.81,0.20,0.20,0,0,0,0.20,0.20,0,0,,0,49,49,1,75,25,0,27.61,21.59,0.74,64,-6.02,20.33,13.82,0,0,0,0,0,,0,0,,0,0,0,0,0,0,42,9,0.89,14,0.04,0.04,0.01,0.00,,0.09,
Bianca Mora,Bianca Mora,Juárez W,2025/2026,2695,Central,0.07,0.07,0.13,0.12,1.14,6,21,0,,0.07,0.07,0.04,0.27,0.07,0.04,0.27,0,0,0,0.13,0.17,1.40,-0.04,0.30,0.23,0.07,78,0.23,0,0.30,0.40,0.80,0.88,4.61,4.81,12.16,5.54,0.06,5.48,29.32,1.87,9.52,1.07,1.87,70,1.12,2.00,1.04,30,0.47,64,1.77,0,10.12,11.91,3.87,2.00,0.87,34.41,1.90,19,0.63,32,0.13,0,0,36.57,79,3.14,16,40,5.71,6.68,13,63,-15,33.82,1.80,0.23,0.35,28.29,98,4.67,2.37,0.27,0.27,0,0.07,2.37,2.64,0.03,0,0,0,0.27,34,64,3,44,52,4,25.76,26.09,0.86,79,0.33,22.18,20.51,0,0,0,0,0,,0,0,,0,0,0,0,0,0,21,6,2.20,16,0.03,0.06,0.04,-0.11,,0.01,
Brenda Vega,Brenda Vega,Necaxa W,2025/2026,1271,Central,0,0,0.02,0.03,0.85,0,25,0,,0.01,0.07,0.01,0.21,0,0.00,0.07,0.07,0.01,0.14,0.07,0.04,1.06,0.03,0.14,0.07,0.07,50,0.14,0,0,0.07,0.92,0.53,5.81,2.71,12.18,6.51,0.08,5.17,21.35,0.28,7.72,1.77,2.69,83,0.88,1.41,0.78,71,0.35,59,0.92,0,9.70,5.16,2.90,0.57,0.07,27.10,0.50,5,0.07,13,0.28,0,0,23.23,63,4.32,28,32,6.16,13.24,9,60,-2,27.98,1.77,0.03,0.04,16.57,100,4.01,0.92,0.28,0.07,0.21,0,0.50,0.57,0,50,0.21,43,0,41,54,5,62,38,0,32.16,19.94,0.75,91,-12.22,23.96,18.21,0,0,0,0,0,,0,0,,0,0,0,0,0,0,29,6,1.56,21,0.09,0.05,0.10,-0.02,,0.22,
Camila Zamora,Camila Zamora,Guadalajara W,2025/2026,17,Central,0,0,0,,0,,,0,,0,0,0,0,0,0,0,0,0,0,0,0,0,0,0,0,0,,0,0,0,0,0,0,0,0,21.01,10.51,0,5.25,33.40,0,5.25,5.25,5.25,100,7.52,7.52,0,,0,,0,0,15.76,22.56,5.25,0,0,32.60,0,0,0,,0,0,0,42.02,75,5.25,0,100,0,5.25,25,100,25,29.62,5.25,0.27,0.27,31.52,100,12.81,5.25,0,0,0,0,0,0,0,,0,,0,50,50,0,0,100,0,22.83,12.35,0.88,100,-10.48,20.06,12.35,0,0,0,0,0,,0,0,,0,0,0,0,0,0,38,13,5.25,16,0.04,0.12,0.05,,,0.22,
Carol Cázares Carrera,Carol Cázares Carrera,Monterrey W,2025/2026,1714,Central,0.11,0.11,0.08,0.10,0.74,14,29,0,,0.09,0,0.00,0.05,0,0.00,0.05,0,0,0,0.11,0.08,0.79,0.02,0.26,0.16,0.11,60,0.37,0,0.21,0.37,0.68,0.85,4.04,4.59,10.66,4.57,0.05,5.67,29.08,1.52,11.13,1.10,1.79,72,1.29,2.15,0.89,62,0.42,68,1.68,0.05,8.66,10.59,3.89,2.63,0.84,36.11,2.31,27,1.31,50,0.11,0,0,43.63,78,2.94,26,40,5.20,6.20,15,59,-19,35.55,3.31,0.30,0.37,33.60,99,6.01,3.36,0.11,0.11,0,0,1.94,2.05,0,50,0.05,33,0.05,35,63,2,48,52,0,23.77,21.81,0.91,86,-1.96,21.53,18.71,0,0,0,0,0,,0,0,,0,0,0,0,0,0,24,7,2.53,15,0.03,0.07,0.00,-0.01,,0.09,
Casandra Montero Rodríguez,Casandra Montero Rodríguez,Guadalajara W,2025/2026,2680,Central,0.10,0.10,0.04,0.08,0.54,19,25,0,,0.07,0,0.03,0.17,0,0.03,0.17,0,0,0,0.10,0.07,0.71,0.03,0.44,0.34,0.10,77,0.71,0,0.47,0.54,0.71,0.72,4.50,4.41,13.10,7.15,0.05,6.28,28.43,2.18,13.23,1.44,2.15,69,1.68,2.39,0.87,44,0.64,57,1.07,0.07,10.78,11.13,4.20,2.22,0.67,33.86,2.15,20,0.91,41,0.17,0,0,41.31,80,4.84,15,55,5.24,8.03,11,71,-9,34.73,3.49,0.30,0.33,31.37,97,4.80,3.63,0.10,0.10,0,0.13,1.01,1.11,0,0,0.03,13,0.13,34,61,4,50,44,6,25.08,21.04,0.93,93,-4.03,23.20,19.66,0,0,0,0,0,,0,0,,0,0,0,0,0,0,20,8,3.16,21,0.07,0.05,0.02,-0.01,,0.13,
Celia Gaynor,Celia Gaynor,Pumas UNAM W,2025/2026,327,Central,0,0,0.18,0.21,0.82,0,33,0,,0.02,0,0,0,0,0,0,0,0,0,0,0.18,0.82,-0.18,0,0,0,,0,0,0,0.27,0.82,0.47,3.57,3.16,15.67,6.05,0.04,6.32,29.67,1.37,11.27,2.20,3.02,80,1.33,1.79,1.92,33,0.55,71,2.75,0,11.54,9.74,4.40,1.92,0.55,34.09,2.47,21,0.27,14,0.27,0.27,0,38.75,76,4.12,15,50,3.57,8.25,12,59,-17,32.14,1.10,0.19,0.26,28.86,99,5.55,1.65,0,0,0,0,1.65,1.65,0,,0,0,0,30,67,3,50,50,0,26.78,19.49,0.97,114,-7.30,25.88,22.23,0,0,0,0,0,,0,0,,0,0,0,0,0,0,8,3,2.56,19,-0.02,0.04,0.00,-0.16,,-0.14,
Chidinma Nkeruka Okeke,Chidinma Nkeruka Okeke,América W,2025/2026,1505,Central,0,0,0.06,0.10,0.60,0,20,0,,0.09,0.06,0.05,0.36,0.06,0.05,0.30,0,0.00,0.06,0.06,0.11,0.96,-0.05,0.18,0,0.18,0,1.08,0,0.36,0.60,0.84,1.37,3.77,6.09,8.25,3.41,0.07,5.14,31.10,2.69,12.20,1.61,2.45,69,2.64,4.02,0.54,40,0.72,75,1.97,0.06,6.10,9.88,2.81,1.43,0.78,35.66,1.20,20,0.36,25,0.24,0,0,54.94,89,4.60,14,70,4.18,6.16,9,63,-26,36.98,3.95,0.76,0.80,45.08,98,4.12,4.01,0.18,0.18,0,0.06,1.38,1.55,0.06,0,0,,0.06,27,69,4,55,43,1,22.66,21.72,0.96,94,-0.95,21.86,20.48,0,0,0,0,0,,0,0,,0,0,0,0,0,0,15,8,4.66,20,0.04,0.09,0.00,-0.01,,0.13,
Cristina Ferral,Cristina Ferral,Guadalajara W,2025/2026,1713,Central,0.05,0.05,0.03,0.07,0.37,14,57,0,,0.05,0,0.01,0.16,0,0.01,0.16,0,0,0,0.05,0.03,0.53,0.02,0.21,0.21,0,100,0.47,0,0.47,0.47,1.05,1.18,4.57,4.77,11.25,5.04,0.07,5.36,24.88,2.00,12.72,1.26,2.31,77,1.28,2.47,1.05,58,0.37,56,1.00,0.05,8.93,9.81,3.68,1.42,0.79,29.27,1.42,16,0.37,26,0.21,0,0,45.03,77,5.94,19,50,5.99,10.56,11,60,-17,31.42,3.21,0.29,0.29,35.89,98,6.06,3.00,0.32,0.26,0.05,0,0.32,0.58,0,0,0,0,0,31,66,3,56,42,2,27.53,27.26,0.89,87,-0.27,24.56,23.72,0,0,0,0,0,,0,0,,0,0,0,0,0,0,27,9,2.66,18,0.07,0.05,0.03,0.01,,0.17,
Cristina Ferral,Cristina Ferral,Tigres UANL W,2025/2026,767,Central,0.12,0,0.01,0.06,0.23,0,50,0,100,0.04,0,0.01,0.23,0,0.01,0.23,0,0,0,0,0.03,0.47,-0.03,0.70,0.70,0,100,0.59,0.12,0.35,0.23,0.70,0.76,3.40,4.46,9.27,4.11,0.04,5.40,27.26,1.88,10.09,0.70,1.41,55,0.78,1.53,0.82,50,0.59,43,0.35,0.12,7.75,9.46,3.17,1.17,0.35,30.59,1.29,17,0.35,30,0,0,0,43.30,84,3.40,18,45,4.34,6.69,9,65,-19,36.39,4.22,1.01,1.01,34.85,98,6.83,4.81,0.35,0.23,0.12,0,0.35,0.59,0,33,0.12,25,0,30,68,1,41,59,0,23.91,25.15,0.91,99,1.24,21.80,24.83,0,0,0,0,0,,0,0,,0,0,0,0,0,0,18,8,5.35,29,0.09,0.16,0.05,-0.01,,0.29,
Daiane,Daiane,Monterrey W,2025/2026,1234,Central,0,0,0.02,0.05,0.36,0,0,0,,0,0.07,0.03,0.22,0.07,0.03,0.22,0,0,0,0.07,0.05,0.58,0.02,0.58,0.44,0.15,75,0.29,0,0.15,0.51,0.95,0.96,4.30,3.63,9.48,4.16,0.07,5.76,23.91,1.53,10.79,1.60,2.55,73,1.43,2.39,0.95,43,0.58,77,2.48,0.07,6.93,5.71,3.21,1.53,0.58,30.14,1.17,17,0.36,24,0.07,0,0,36.31,77,3.28,75,52,5.25,5.40,14,62,-15,32.81,1.31,0.26,0.29,27.05,98,5.86,1.60,0,0,0,0.07,1.39,1.39,0,,0,,0.07,35,61,3,55,36,9,24.38,22.91,0.91,98,-1.47,22.27,22.34,0,0,0,0,0,,0,0,,0,0,0,0,0,0,21,6,1.47,10,0.06,0.06,0.01,-0.02,,0.10,
Damaris Michel Godínez García,Damaris Michel Godínez García,Guadalajara W,2025/2026,3204,Central,0,0,0.04,0.07,0.56,0,10,0,,0.01,0.03,0.01,0.28,0.03,0.01,0.22,0,0.00,0.06,0.03,0.05,0.84,-0.02,1.04,0.59,0.45,57,0.53,0,0.62,1.29,1.29,1.45,2.67,2.67,14.97,6.94,0.04,6.57,33.64,2.50,10.48,1.99,3.29,74,2.25,3.69,0.62,43,0.70,61,1.21,0.03,12.36,13.45,4.69,2.47,0.98,36.86,3.34,27,1.07,43,0.17,0,0,38.01,74,3.37,16,53,3.51,5.48,11,58,-17,40.85,4.02,0.22,0.25,29.64,95,5.18,5.20,0.65,0.28,0.37,0,1.12,1.40,0.03,22,0.17,23,0.06,36,59,5,43,50,6,21.37,18.94,0.94,104,-2.43,20.09,19.69,0,0,0,0,0,,0,0,,0,0,0,0,0,0,29,12,3.25,22,0.12,0.05,0.05,-0.04,,0.18,
Daniela Frank Flores Cortés,Daniela Frank Flores Cortés,Pachuca W,2025/2026,1074,Central,0.08,0.08,0.04,0.07,0.50,17,33,0,,0.06,0.08,0.01,0.08,0.08,0.01,0.08,0,0,0,0.17,0.04,0.59,0.13,0.59,0.50,0.08,86,0.50,0,0.75,0.59,1.42,1.57,3.52,4.37,9.89,4.86,0.04,5.53,28.07,1.59,11.56,1.34,2.77,84,1.61,3.18,1.42,50,0.25,78,1.76,0.25,7.46,9.12,2.77,1.34,0.50,29.86,1.01,13,0.34,25,0.42,0,0,49.52,89,3.10,30,69,4.11,3.94,15,84,-4,37.03,2.68,0.80,0.80,39.89,97,4.96,3.10,0.17,0.17,0,0.08,0.84,1.01,0,0,0,,0.17,24,70,5,30,62,8,21.19,19.29,0.97,97,-1.90,20.58,18.75,0,0,0,0,0,,0,0,,0,0,0,0,0,0,16,9,5.43,29,0.04,0.07,-0.02,0.04,,0.13,
Daniela Monserrat Meza Barba,Daniela Monserrat Meza Barba,Atlas W,2025/2026,1363,Central,0,0,0,,0,,,0,,0,0,0.02,0.20,0,0.02,0.20,0,0,0,0,0.02,0.20,-0.02,0.07,0.07,0,100,0.26,0,0.26,0.20,0.53,0.65,4.49,4.97,20.86,8.45,0.04,10.36,28.39,1.12,8.85,2.24,2.77,76,2.38,3.03,0.79,59,0.73,55,1.12,0.13,17.82,19.31,8.19,2.31,0.92,30.64,3.10,17,0.59,26,0.07,0,0,36.70,72,3.89,23,40,6.27,7.99,14,52,-20,31.89,2.11,0.16,0.18,28.52,99,5.52,2.18,0.13,0.13,0,0.07,0.20,0.33,0,50,0.13,100,0.07,39,56,4,58,39,3,26.58,27.09,0.88,84,0.50,23.42,22.81,0,0,0,0,0,,0,0,,0,0,0,0,0,0,30,13,2.71,18,0.03,0.04,-0.07,,,0.01,
Day Silva,Day Silva,Monterrey W,2025/2026,910,Central,0,0,0.00,0.02,0.10,0,0,0,,0,0,0.04,0.20,0,0.04,0.20,0,0,0,0,0.04,0.30,-0.04,0.99,0.79,0.20,80,0.69,0,0.49,0.69,2.37,2.75,5.24,5.96,15.62,7.32,0.05,7.71,26.30,0.99,10.98,2.87,5.24,85,3.09,5.84,1.68,67,0.49,81,2.08,0,11.17,13.00,4.55,2.87,1.09,30.36,1.68,15,0.40,14,0.30,0,0,42.82,78,4.05,59,44,6.72,7.81,17,65,-13,31.34,2.47,0.41,0.41,36.39,97,4.75,2.37,0.20,0.20,0,0,0.20,0.40,0.10,0,0,,0,35,62,3,38,63,0,25.32,21.91,0.88,81,-3.41,22.34,17.85,0,0,0,0,0,,0,0,,0,0,0,0,0,0,23,10,3.29,19,0.06,0.05,0.06,,,0.18,
Deisy Estefania Ojeda Gonzalez,Deisy Estefania Ojeda Gonzalez,Tijuana W,2025/2026,2536,Central,0.18,0.07,0.03,0.03,1.10,6,29,1,100,0.01,0.11,0.12,1.35,0.04,0.04,0.57,0.07,0.08,0.78,0.18,0.15,2.45,0.03,0.39,0.25,0.14,64,0.64,0,0.57,0.60,1.42,1.45,3.90,3.52,16.54,7.31,0.04,7.45,34.70,3.73,11.57,2.20,3.62,77,2.29,3.74,1.95,58,0.67,59,1.35,0,12.46,12.17,5.18,3.05,1.14,38.61,3.87,31,1.53,50,0.39,0,0,35.07,59,6.21,89,35,5.47,16.33,12,56,-4,42.74,5.25,0.26,0.31,26.05,97,4.37,5.08,2.13,0.64,1.49,0.04,0.50,1.14,0,17,0.39,28,0.04,41,55,4,46,52,2,31.13,25.70,0.83,85,-5.44,25.86,21.75,0,0,0,0,0,,0,0,,0,0,0,0,0,0,36,7,6.51,38,0.29,0.06,-0.02,-0.04,,0.29,
Diana Guatemala,Diana Guatemala,Toluca W,2025/2026,1420,Central,0.06,0.06,0.02,0.05,0.44,14,57,0,,0.04,0.06,0.05,0.44,0,0.01,0.32,0.06,0.04,0.13,0.13,0.07,0.89,0.06,1.58,1.08,0.51,68,0.63,0,1.96,1.77,2.53,2.51,3.10,2.76,23.76,10.14,0.03,9.57,33.61,3.48,11.40,3.29,5.83,76,3.46,5.97,1.71,43,1.01,69,1.27,0.19,18.75,17.66,6.91,3.29,0.89,35.92,4.88,26,1.14,35,0.13,0,0,33.64,75,1.27,24,34,3.67,3.10,13,66,-9,43.23,3.93,0.34,0.34,28.51,90,5.83,4.37,0.38,0.25,0.13,0.06,0.38,0.63,0.06,33,0.13,18,0,34,61,5,29,68,3,19.69,20.18,0.90,96,0.49,17.81,19.34,0,0,0,0,0,,0,0,,0,0,0,0,0,0,26,11,4.25,24,0.08,0.09,-0.02,0.00,,0.16,
Dirce Delgado García,Dirce Delgado García,Atlas W,2025/2026,2837,Central,0.03,0.03,0.02,0.17,0.13,25,75,0,,0.03,0.06,0.02,0.13,0.06,0.02,0.13,0,0,0,0.10,0.05,0.25,0.05,0.25,0.16,0.10,63,0.67,0,0.57,0.54,2.32,2.11,4.63,4.51,12.72,4.79,0.05,7.52,24.05,1.87,13.74,1.81,4.12,79,1.83,3.94,0.54,55,0.48,61,1.55,0.16,10.37,10.59,4.85,1.49,0.60,26.63,0.92,9,0.38,26,0.10,0,0,36.26,81,2.76,16,54,5.23,4.54,16,75,-7,33.45,1.46,0.13,0.18,26.49,97,6.23,1.62,0.06,0.06,0,0.13,0.60,0.67,0,0,0,,0.13,28,66,6,49,51,0,22.92,20.77,0.95,96,-2.15,21.79,19.85,0,0,0,0,0,,0,0,,0,0,0,0,0,0,24,11,2.74,18,0.01,0.05,-0.01,-0.01,,0.04,
Dulce Morales,Dulce Morales,Puebla W,2025/2026,1556,Central,0,0,0.03,0.09,0.35,0,17,0,,0.00,0,0.01,0.23,0,0.01,0.17,0,0.00,0.06,0,0.04,0.58,-0.04,0.12,0.06,0.06,50,0.64,0,0.29,0.29,1.85,1.26,4.63,3.27,18.74,8.39,0.06,8.56,26.72,1.74,9.78,2.14,3.99,66,1.58,2.84,0.87,36,1.10,53,1.56,0,15.74,10.38,5.90,1.50,0.40,29.54,2.20,14,0.29,19,0.17,0.06,0,26.67,67,1.79,28,39,5.03,4.22,12,66,-1,33.64,1.10,0.14,0.14,17.65,97,4.59,0.93,0.06,0,0.06,0.06,0.93,0.93,0,0,0,,0.06,41,56,3,25,75,0,22.57,18.89,0.93,91,-3.68,20.95,17.26,0,0,0,0,0,,0,0,,0,0,0,0,0,0,30,10,1.37,17,-0.04,0.03,0.03,-0.04,,-0.01,
Elaily Hernández,Elaily Hernández,Atlético San Luis W,2025/2026,2830,Central,0,0,0.01,0.04,0.32,0,40,0,,0.01,0,0.01,0.32,0,0.00,0.06,0,0.01,0.25,0,0.02,0.64,-0.02,0.19,0.16,0.03,83,0.16,0,0.25,0.25,0.92,0.71,4.71,3.04,9.09,3.56,0.04,4.01,25.42,1.56,7.60,1.18,2.10,84,0.82,1.53,0.73,68,0.22,60,0.76,0.06,7.19,5.45,2.58,1.02,0.51,32.47,1.49,21,0.35,34,0.19,0.03,0,28.59,71,4.32,15,42,5.85,9.06,11,56,-15,33.01,2.99,0.27,0.28,20.45,98,4.66,1.72,1.05,0.06,0.99,0.03,0.41,0.48,0.06,18,0.19,29,0.03,43,54,3,61,35,4,28.07,27.62,0.85,81,-0.45,23.87,22.37,0,0,0,0,0,,0,0,,0,0,0,0,0,0,31,12,3.76,27,0.14,0.04,-0.05,0.00,,0.13,
Emili Bautista,Emili Bautista,Tijuana W,2025/2026,425,Central,0,0,0.02,0.04,0.42,0,50,0,,0.03,0,0.02,0.21,0,0.02,0.21,0,0,0,0,0.04,0.64,-0.04,0.42,0.21,0.21,50,0.42,0,0.21,0.85,1.69,1.48,4.02,3.76,15.88,7.20,0.06,7.20,30.79,3.18,9.32,1.27,2.96,60,1.17,2.65,0.42,33,0.85,60,1.27,0.21,14.40,11.85,4.66,2.12,0.85,35.78,2.54,18,0.64,30,0,0,0,26.68,69,1.69,7,30,5.29,4.45,18,50,-19,39.62,1.69,0.06,0.08,19.05,96,5.88,2.12,0,0,0,0,1.06,1.06,0,,0,0,0,31,66,3,30,60,10,23.52,22.92,0.86,71,-0.60,20.33,16.36,0,0,0,0,0,,0,0,,0,0,0,0,0,0,28,7,1.46,12,0.05,0.01,-0.17,-0.01,,-0.12,
Fernanda Paz Pinilla Roa,Fernanda Paz Pinilla Roa,León W,2025/2026,2762,Central,0.03,0.03,0.07,0.11,0.59,6,28,0,,0.03,0.07,0.03,0.36,0.07,0.02,0.26,0,0.01,0.10,0.10,0.10,0.95,0.00,0.46,0.36,0.10,79,0.59,0,0.23,0.46,1.43,1.24,4.24,3.23,14.63,6.35,0.03,6.00,27.68,1.99,11.08,2.31,3.75,81,1.85,3.09,0.81,62,0.55,53,1.01,0.07,11.57,8.91,4.04,1.76,0.68,30.03,1.96,17,0.72,41,0.07,0,0,33.30,72,3.19,72,41,5.31,6.78,12,64,-7,38.71,3.62,0.35,0.39,25.25,98,4.85,3.00,0.33,0.13,0.20,0.07,1.14,1.27,0.07,40,0.16,29,0.10,45,53,2,51,46,3,24.96,23.12,0.89,87,-1.84,22.20,20.02,0,0,0,0,0,,0,0,,0,0,0,0,0,0,31,13,3.91,23,0.11,0.07,0.05,-0.05,,0.17,
Frida Cussin,Frida Cussin,Santos Laguna W,2025/2026,312,Central,0,0,0,,0,,,0,,0,0,0.01,0.29,0,0.01,0.29,0,0,0,0,0.01,0.29,-0.01,0,0,0,,0.87,0,0.29,0.58,0.58,0.27,3.75,1.81,23.10,12.99,0.03,6.06,29.62,1.44,9.53,0.87,1.44,38,0.42,0.69,2.02,0,1.44,17,0.29,0,20.21,7.37,4.62,4.04,1.16,32.80,3.75,19,1.16,29,0,0,0,19.64,66,2.60,19,43,3.75,6.06,17,69,3,35.75,1.16,0.03,0.04,11.84,95,3.67,1.44,0,0,0,0,0,0,0,,0,,0,45,47,8,40,40,20,24.16,12.90,0.85,120,-11.26,20.48,15.45,0,0,0,0,0,,0,0,,0,0,0,0,0,0,43,13,1.67,14,0.05,0.01,0.09,,,0.15,
Frida Gómez Vargas,Frida Gómez Vargas,Atlético San Luis W,2025/2026,1499,Central,0,0,0,,0,,,0,,0,0.06,0.02,0.42,0.06,0.02,0.30,0,0.00,0.12,0.06,0.02,0.42,0.04,0.84,0.42,0.42,50,0.78,0,0.54,0.78,1.86,1.44,4.68,3.85,15.37,7.20,0.05,7.08,26.05,2.16,9.78,2.28,4.14,83,1.86,3.30,1.80,59,0.48,44,0.84,0,11.28,9.09,4.38,1.32,0.60,29.49,1.74,15,0.48,36,0.30,0,0,34.57,78,3.12,18,47,5.40,5.88,11,74,-4,31.66,2.22,0.22,0.22,27.43,97,4.97,2.52,0.12,0.12,0,0,0.12,0.24,0,0,0,0,0,36,60,4,50,43,7,23.55,23.69,0.91,87,0.14,21.43,20.64,0,0,0,0,0,,0,0,,0,0,0,0,0,0,21,12,2.36,17,0.04,0.07,-0.05,,,0.07,
Fátima Bracamonte,Fátima Bracamonte,Necaxa W,2025/2026,2684,Central,0,0,0.02,0.18,0.10,0,33,0,,0.01,0,0.01,0.13,0,0.01,0.13,0,0,0,0,0.03,0.23,-0.03,0.27,0.13,0.13,50,0.34,0,0.30,0.57,2.01,0.98,5.43,2.20,18.21,8.28,0.03,7.88,24.67,0.64,7.18,2.11,4.13,68,1.08,2.06,1.07,50,0.97,39,0.50,0.10,15.02,6.39,5.53,1.81,0.54,27.48,1.78,12,0.50,28,0.34,0.03,0,21.93,61,1.98,16,28,6.10,6.41,15,43,-19,30.52,1.17,0.09,0.09,16.50,96,5.52,0.94,0,0,0,0.03,0.40,0.40,0.03,,0,,0.03,52,45,3,57,39,4,26.50,21.79,0.81,86,-4.71,21.51,18.83,0,0,0,0,0,,0,0,,0,0,0,0,0,0,34,9,1.25,15,0.03,0.03,0.01,-0.02,,0.05,
Fátima Rosales,Fátima Rosales,Puebla W,2025/2026,801,Central,0,0,0.02,0.16,0.11,0,100,0,,0.09,0,0,0,0,0,0,0,0,0,0,0.02,0.11,-0.02,0,0,0,,0.56,0,0.22,0.56,1.01,0.66,4.72,2.85,17.42,7.30,0.04,9.10,25.64,1.24,11.01,1.57,2.58,67,0.79,1.45,0.79,42,0.79,70,0.79,0.11,15.06,7.95,6.63,1.91,1.01,29.09,2.14,14,0.22,12,0.11,0,0,32.81,74,4.05,18,56,5.39,6.52,13,69,-5,32.28,2.14,0.03,0.06,23.04,97,4.69,2.02,0,0,0,0,0.45,0.45,0,,0,,0,35,62,3,78,22,0,24.32,20.37,0.94,113,-3.95,22.89,22.98,0,0,0,0,0,,0,0,,0,0,0,0,0,0,31,15,1.63,20,0.03,0.06,0.00,0.04,,0.13,
Gabriela Anchondo,Gabriela Anchondo,Querétaro W,2025/2026,371,Central,0,0,0,,0,,,0,,0,0,0.03,0.24,0,0.03,0.24,0,0,0,0,0.03,0.24,-0.03,0.48,0.48,0,100,0.48,0,0.48,0.24,1.21,0.92,5.82,5.04,13.57,5.57,0.03,5.33,26.81,0.48,8.24,1.21,2.42,71,0.95,1.87,0.73,67,0.48,50,1.45,0,11.63,9.94,3.64,0.97,0.24,28.65,1.45,13,0,0,0,0,0,31.75,78,1.94,54,44,6.79,3.39,11,60,-18,31.08,0.48,0.14,0.16,21.81,98,4.64,0.97,0,0,0,0.24,0.97,0.97,0,,0,0,0.24,39,54,6,75,25,0,22.55,24.49,0.95,87,1.95,21.45,21.39,0,0,0,0,0,,0,0,,0,0,0,0,0,0,30,16,1.02,11,-0.04,0.06,0.05,,,0.07,
Gineva López Villaseñor,Gineva López Villaseñor,Mazatlán W,2025/2026,266,Central,0,0,0.04,0.05,0.68,0,0,0,,0,0,0,0,0,0,0,0,0,0,0,0.04,0.68,-0.04,0.34,0,0.34,0,1.69,0,0,0.68,0.68,0.36,5.75,4.32,13.19,4.06,0.09,8.45,26.52,3.04,13.53,2.37,3.04,100,1.98,2.34,0.34,100,0,57,2.71,0,10.48,6.99,6.09,2.37,0,31.24,2.03,19,0.68,29,0,0,0,25.70,57,1.01,14,23,6.09,4.06,19,67,10,26.83,0.34,0.06,0.09,14.54,95,3.61,0.68,0,0,0,0.34,2.37,2.37,0,,0,,0.34,43,53,4,50,50,0,21.27,17.33,0.87,82,-3.94,18.57,14.22,0,0,0,0,0,,0,0,,0,0,0,0,0,0,34,13,0.47,5,0.03,0.04,0.16,-0.08,,0.14,
Greta Espinoza,Greta Espinoza,Tigres UANL W,2025/2026,3863,Central,0.02,0.02,0.03,0.08,0.44,5,26,0,,0.03,0.05,0.03,0.21,0.05,0.03,0.21,0,0,0,0.07,0.06,0.65,0.01,0.19,0.12,0.07,63,0.23,0,0.23,0.61,0.44,0.56,3.26,4.09,6.34,2.10,0.06,3.73,27.26,1.77,8.11,0.47,0.91,77,0.57,1.13,0.42,50,0.14,65,1.28,0.02,5.45,7.23,2.49,1.19,0.47,32.93,1.28,24,0.54,45,0.02,0,0,43.14,85,3.59,43,51,4.15,6.20,10,66,-18,36.40,3.75,0.51,0.54,35.39,98,6.40,4.15,0.23,0.21,0.02,0.07,1.21,1.42,0.02,0,0.02,11,0.07,27,71,2,40,58,2,23.56,23.42,0.92,92,-0.14,21.60,21.46,0,0,0,0,0,,0,0,,0,0,0,0,0,0,18,7,3.63,21,0.04,0.06,0.05,-0.02,,0.14,
Guadalupe Vanessa Sánchez López,Guadalupe Vanessa Sánchez López,Mazatlán W,2025/2026,1652,Central,0.05,0.05,0.01,0.02,0.22,25,50,0,,0.00,0,0.05,0.44,0,0.05,0.44,0,0,0,0.05,0.05,0.65,0.00,0.60,0.22,0.38,36,0.27,0,0.33,0.76,1.74,0.82,4.14,1.90,25.33,12.42,0.03,9.97,27.43,1.14,8.44,3.27,5.01,76,1.67,2.49,1.31,47,1.03,61,1.03,0.05,20.75,8.86,7.63,3.10,1.14,30.21,2.83,14,0.87,28,0.22,0,0,23.80,74,2.02,18,38,4.85,4.63,16,58,-16,37.36,2.07,0.18,0.20,17.70,96,4.78,2.18,0.44,0.33,0.11,0.05,0.49,0.82,0.05,50,0.22,80,0.16,39,55,6,25,65,10,21.74,18.36,0.85,85,-3.37,18.54,15.67,0,0,0,0,0,,0,0,,0,0,0,0,0,0,31,16,1.95,20,0.07,0.04,0.04,-0.01,,0.15,
Hana Sofia Sánchez Buenrostro,Hana Sofia Sánchez Buenrostro,Querétaro W,2025/2026,31,Central,0,0,0,,0,,,0,,0,0,0,0,0,0,0,0,0,0,0,0,0,0,0,0,0,,0,0,0,0,0,0,5.76,2.25,14.41,5.76,0.06,5.76,15.37,0,0,0,0,,0,0,0,,0,100,2.88,0,14.41,5.62,2.88,2.88,2.88,23.01,0,0,0,0,0,0,0,14.41,80,0,50,,5.76,0,0,,,25.15,0,0,0,14.41,100,3.19,0,0,0,0,0,0,0,0,,0,,0,40,60,0,,,,17.68,,1.15,,,20.36,,0,0,0,0,0,,0,0,,0,0,0,0,0,0,40,40,,,-0.01,0.01,-1.69,,,-1.69,
Isa Haas,Isa Haas,América W,2025/2026,1063,Central,0.17,0.17,0.21,0.28,0.76,22,33,0,,0.14,0.08,0.02,0.34,0.08,0.02,0.34,0,0,0,0.25,0.23,1.10,0.02,0.17,0.17,0,100,0.42,0,0.17,0.51,1.44,2.38,4.74,7.45,12.20,5.42,0.03,5.67,33.35,3.13,10.76,1.52,2.96,72,2.51,4.89,1.27,42,0.59,64,1.36,0.08,9.40,15.30,3.81,2.12,0.85,38.76,3.39,36,1.27,60,0.17,0,0,54.88,88,6.52,6,68,5.67,8.64,7,76,-12,37.51,4.57,0.87,0.99,45.31,99,5.22,4.74,0.17,0.17,0,0.08,1.52,1.69,0,0,0,0,0.08,23,75,2,43,57,0,25.28,26.07,0.95,88,0.79,23.92,22.96,0,0,0,0,0,,0,0,,0,0,0,0,0,0,16,7,5.06,23,0.06,0.08,-0.05,-0.05,,0.04,
Jaqueline Reyes,Jaqueline Reyes,Puebla W,2025/2026,2708,Central,0.07,0.07,0.04,0.07,0.63,11,26,1,,0.04,0.03,0.03,0.40,0.03,0.03,0.37,0,0.00,0.03,0.10,0.08,1.03,0.02,0.93,0.63,0.30,68,1.30,0,1.26,1.50,1.06,0.68,3.36,2.24,21.37,11.27,0.04,8.54,33.43,2.53,10.73,2.19,3.26,67,1.54,2.22,1.46,37,1.06,47,0.70,0.07,17.71,11.21,6.28,2.82,0.83,37.55,4.88,28,1.40,49,0.17,0,0,30.14,70,2.03,24,38,3.99,4.72,17,66,-4,42.20,2.86,0.12,0.16,26.09,91,4.69,4.02,0.40,0.33,0.07,0.03,0.86,1.20,0.10,33,0.17,31,0.17,39,54,6,40,55,5,20.44,17.88,0.90,100,-2.56,18.50,17.92,0,0,0,0,0,,0,0,,0,0,0,0,0,0,33,14,2.37,26,0.06,0.09,0.00,-0.01,,0.14,
Jazmín Enrigue Abundis,Jazmín Enrigue Abundis,Tijuana W,2025/2026,3136,Central,0.09,0.06,0.10,0.11,0.98,6,32,0,50,0.08,0.09,0.03,0.40,0.09,0.03,0.37,0,0.00,0.03,0.14,0.14,1.38,0.01,0.60,0.32,0.29,52,0.98,0,0.37,0.80,2.41,2.22,4.53,4.39,16.10,7.46,0.04,7.81,29.83,2.44,11.39,2.41,4.82,75,2.28,4.50,1.00,29,0.80,51,2.01,0,12.77,11.00,5.17,2.44,0.95,32.95,2.38,19,0.75,31,0.11,0,0,28.47,72,2.78,18,46,5.42,5.22,17,56,-16,37.25,2.47,0.33,0.37,20.38,95,5.40,2.64,0.20,0.17,0.03,0.17,2.30,2.47,0,29,0.09,50,0.17,40,57,3,48,50,2,24.83,22.51,0.92,95,-2.31,22.81,21.41,0,0,0,0,0,,0,0,,0,0,0,0,0,0,29,10,2.88,17,0.08,0.04,0.04,-0.06,,0.10,
Jordan Brewster,Jordan Brewster,América W,2025/2026,381,Central,0,0,0.01,0.06,0.24,0,100,0,,0.07,0,0,0,0,0,0,0,0,0,0,0.01,0.24,-0.01,0,0,0,,0.71,0,0,0.47,1.42,2.22,2.83,4.48,10.62,3.78,0.03,6.61,35.19,1.89,10.62,1.18,2.60,83,1.89,4.10,0.94,75,0.24,100,1.18,0.24,8.50,13.49,4.96,0.71,0.47,36.87,1.89,22,0.24,33,0,0,0,42.72,89,3.30,3,74,3.07,4.25,9,76,-12,32.36,1.42,0.41,0.42,32.10,99,4.97,2.12,0,0,0,0,0.94,0.94,0,,0,,0,27,71,2,44,44,11,22.52,19.84,0.97,106,-2.68,21.90,21.01,0,0,0,0,0,,0,0,,0,0,0,0,0,0,18,10,3.54,15,0.04,0.06,0.08,0.07,,0.25,
Julissa Dávila,Julissa Dávila,Pumas UNAM W,2025/2026,2009,Central,0.09,0.09,0.06,0.16,0.36,25,50,0,,0.08,0.04,0.03,0.36,0.04,0.03,0.31,0,0.00,0.04,0.13,0.09,0.72,0.04,0.18,0.13,0.04,75,0.45,0,0.22,0.36,1.52,1.33,3.94,3.50,12.28,5.33,0.07,6.54,26.92,1.66,9.77,1.39,2.91,69,1.24,2.57,0.54,50,0.63,52,1.03,0,10.35,9.05,4.39,1.21,0.49,29.78,1.34,13,0.31,26,0.13,0,0,35.67,76,3.94,27,46,4.62,7.98,8,56,-20,35.59,2.64,0.36,0.38,25.94,99,5.99,2.69,0.40,0.27,0.13,0.04,0.67,0.94,0.09,0,0,,0.09,36,62,2,58,38,3,25.90,22.93,0.90,89,-2.97,23.26,20.44,0,0,0,0,0,,0,0,,0,0,0,0,0,0,26,9,4.08,21,0.07,0.04,0.02,0.00,,0.12,
Julitha Singano,Julitha Singano,Juárez W,2025/2026,2261,Central,0.04,0.04,0.04,0.12,0.32,13,25,0,,0.01,0,0.02,0.08,0,0.01,0.04,0,0.00,0.04,0.04,0.05,0.40,-0.01,0.64,0.32,0.32,50,0.84,0,0.48,0.60,1.15,1.32,4.78,4.90,10.07,3.62,0.06,4.66,25.97,1.43,10.79,1.07,2.23,75,1.04,2.36,0.88,47,0.36,57,1.35,0.20,8.20,8.34,3.18,1.63,0.72,31.56,1.43,17,0.64,39,0.24,0,0,37.26,85,2.67,25,60,5.29,3.90,11,81,-4,31.85,1.83,0.32,0.34,30.81,97,5.25,1.83,0.04,0.04,0,0.08,0.80,0.84,0,0,0,0,0.08,26,71,3,39,59,2,22.50,21.29,0.96,93,-1.21,21.57,19.78,0,0,0,0,0,,0,0,,0,0,0,0,0,0,18,8,2.24,16,0.03,0.05,0.02,-0.04,,0.07,
K.Landa,K.Landa,Santos Laguna W,2025/2026,2552,Central,0,0,0.01,0.05,0.25,0,29,0,,0.02,0,0.02,0.21,0,0.02,0.18,0,0.00,0.04,0,0.04,0.46,-0.04,0.67,0.46,0.21,68,0.21,0,0.28,0.71,0.81,0.50,4.34,3.02,12.76,6.91,0.03,5.75,25.09,1.76,11.60,1.62,2.43,71,1.13,1.63,0.28,45,0.67,41,0.49,0,10.90,7.22,4.06,1.41,0.49,28.84,1.62,15,0.42,30,0.07,0,0,34.91,74,4.41,17,46,5.04,8.82,13,69,-4,32.71,2.50,0.18,0.21,27.79,97,6.06,2.15,0.21,0.14,0.07,0.04,0.28,0.42,0.14,0,0,0,0.04,40,56,4,56,41,3,26.69,21.95,0.89,95,-4.75,23.73,20.80,0,0,0,0,0,,0,0,,0,0,0,0,0,0,28,11,2.60,18,0.05,0.10,-0.03,0.00,,0.12,
Karen Alejandra Díaz Sánchez,Karen Alejandra Díaz Sánchez,Tijuana W,2025/2026,1791,Central,0.05,0.05,0.03,0.05,0.50,10,30,0,,0.03,0,0.00,0.15,0,0.00,0.15,0,0,0,0.05,0.03,0.65,0.02,0.45,0.30,0.15,67,0.80,0,0.45,0.50,2.91,2.54,5.18,4.30,18.54,9.35,0.06,10.20,29.49,2.56,13.57,2.26,5.18,63,1.93,4.47,0.60,49,1.36,49,1.86,0,15.68,12.37,6.88,3.01,0.95,33.04,3.07,20,0.90,30,0.10,0,0,32.66,68,2.86,30,46,5.93,5.53,15,58,-10,36.42,2.56,0.23,0.23,23.32,96,5.63,2.71,0.25,0.15,0.10,0,0.80,0.95,0.05,20,0.05,20,0.05,43,51,6,57,39,4,23.70,21.07,0.95,100,-2.63,22.54,21.06,0,0,0,0,0,,0,0,,0,0,0,0,0,0,35,10,3.04,19,0.06,0.07,0.10,-0.02,,0.22,
Karen Cano,Karen Cano,Atlético San Luis W,2025/2026,1450,Central,0.06,0.06,0.02,0.07,0.31,20,60,0,,0.04,0.06,0.00,0.06,0,0,0,0.06,0.00,0.06,0.12,0.03,0.37,0.10,0.31,0.19,0.12,60,0.43,0,0.25,0.43,0.62,0.42,3.60,2.54,14.77,5.65,0.06,6.27,27.96,1.37,7.01,1.24,1.86,65,1.35,1.77,1.74,52,0.68,60,1.30,0.06,11.79,9.88,4.28,1.74,0.62,31.78,1.61,14,0.43,25,0.25,0,0,21.41,76,2.17,17,52,3.85,3.91,13,52,-24,29.98,0.99,0.12,0.14,14.27,98,4.69,0.81,0.06,0,0.06,0,0.99,0.99,0.06,0,0,,0,37,60,3,54,46,0,23.56,19.31,0.92,77,-4.25,21.58,14.92,0,0,0,0,0,,0,0,,0,0,0,0,0,0,27,8,1.20,10,0.02,0.01,0.05,0.02,,0.10,
Karen Ramirez Monroy,Karen Ramirez Monroy,Pumas UNAM W,2025/2026,1093,Central,0.08,0.08,0.05,0.22,0.25,33,100,0,,0.08,0,0.00,0.08,0,0.00,0.08,0,0,0,0.08,0.06,0.33,0.02,0.49,0.41,0.08,83,0.41,0,0.74,0.58,1.07,1.15,3.87,3.51,14.41,7.25,0.04,8.23,30.06,3.05,11.94,2.31,3.38,68,2.67,3.82,0.58,52,1.07,48,0.82,0.16,11.53,11.11,5.43,1.48,0.49,32.09,2.31,20,0.49,33,0,0,0,35.49,72,3.38,41,46,4.78,6.42,13,63,-9,38.05,2.72,0.23,0.27,28.41,97,5.87,2.80,0,0,0,0,0.49,0.49,0,,0,0,0,36,59,5,56,41,3,24.21,21.14,0.92,93,-3.06,22.36,19.67,0,0,0,0,0,,0,0,,0,0,0,0,0,0,25,9,2.51,13,0.04,0.08,0.01,-0.02,,0.10,
Karol Arcanjo,Karol Arcanjo,Cruz Azul W,2025/2026,898,Central,0.10,0.10,0.12,0.13,0.90,11,33,0,,0.08,0,0.01,0.30,0,0.01,0.30,0,0,0,0.10,0.13,1.20,-0.03,0.90,0.80,0.10,89,1.10,0,0.80,1.00,1.10,0.89,4.91,3.91,13.13,5.51,0.03,6.31,25.20,2.51,11.72,2.81,3.91,80,2.36,3.25,1.40,59,0.70,81,2.20,0,8.92,6.45,4.01,1.20,0.50,29.25,1.30,15,0.40,33,0.40,0,0,38.08,73,5.11,9,47,5.81,10.02,13,59,-14,33.11,3.51,0.30,0.36,31.37,97,5.36,3.21,0.20,0.20,0,0,2.10,2.30,0,0,0,0,0.10,40,58,2,59,38,3,27.45,25.35,0.90,91,-2.10,24.61,23.19,0,0,0,0,0,,0,0,,0,0,0,0,0,0,26,7,4.40,27,0.10,0.11,0.02,-0.11,,0.12,
Kelly Caicedo,Kelly Caicedo,Pachuca W,2025/2026,651,Central,0.14,0.14,0.01,0.02,0.69,20,20,0,,0.00,0,0.00,0.28,0,0.00,0.28,0,0,0,0.14,0.02,0.97,0.12,0.41,0.41,0,100,0.55,0,0.14,0.55,0.97,1.48,3.59,5.22,10.23,4.98,0.01,7.60,25.68,2.63,13.68,1.24,2.21,60,1.75,3.23,0.83,25,0.83,81,1.80,0,8.29,11.25,4.98,1.80,0.97,27.25,0.83,10,0.41,23,0.14,0,0,50.86,85,4.56,26,62,4.28,6.63,15,82,-4,34.27,2.90,0.73,0.74,39.67,99,5.21,2.76,0,0,0,0,0.41,0.41,0,,0,,0,19,75,6,35,60,5,24.22,21.95,0.95,108,-2.27,22.89,23.74,0,0,0,0,0,,0,0,,0,0,0,0,0,0,16,6,3.94,18,0.04,0.08,0.03,-0.03,,0.12,
Kimberly Vanessa Rodríguez Cubero,Kimberly Vanessa Rodríguez Cubero,América W,2025/2026,3713,Central,0.15,0.15,0.09,0.10,0.95,15,18,0,,0.09,0.05,0.04,0.58,0.05,0.04,0.56,0,0.00,0.02,0.19,0.14,1.53,0.06,0.12,0.12,0,100,0.29,0.02,0.17,0.34,0.82,1.30,3.10,4.89,12.61,5.55,0.06,5.79,35.57,2.81,12.85,1.87,2.69,75,2.94,4.24,0.99,50,0.61,74,2.25,0,9.75,15.46,4.12,1.75,0.75,38.71,2.93,30,1.02,58,0.05,0,0,65.02,85,5.99,76,64,4.05,8.44,12,72,-12,38.44,6.84,0.71,0.80,51.78,99,3.96,8.34,0.48,0.48,0,0.15,2.38,2.86,0.10,25,0.15,29,0.22,35,62,3,48,47,5,22.54,20.03,0.95,101,-2.51,21.50,20.23,0,0,0,0,0,,0,0,,0,0,0,0,0,0,22,11,6.91,28,0.13,0.05,0.02,-0.03,,0.17,
Kinberly Paloma Guzmán Prado,Kinberly Paloma Guzmán Prado,Guadalajara W,2025/2026,818,Central,0.22,0.11,0.04,0.06,0.77,14,29,0,100,0.10,0,0.03,0.22,0,0.03,0.22,0,0,0,0.11,0.07,0.99,0.04,0.11,0,0.11,0,0.33,0,0.33,0.22,0.22,0.19,4.18,5.14,9.57,4.40,0.04,3.63,27.94,1.32,9.24,0.77,0.99,70,1.06,1.25,0.88,60,0.33,56,1.10,0,7.92,9.08,2.42,1.21,0.44,32.55,1.32,17,0.33,27,0.11,0,0,34.31,80,3.41,26,53,4.62,5.94,10,66,-14,36.19,3.96,0.17,0.21,26.06,98,5.66,3.96,0.22,0.22,0,0,1.10,1.32,0,0,0,,0,42,54,4,47,50,3,25.54,24.20,0.93,85,-1.34,23.70,20.63,0,0,0,0,0,,0,0,,0,0,0,0,0,0,21,9,2.94,20,0.06,0.06,-0.08,-0.03,,0.01,
Laila Saravia,Laila Saravia,Atlas W,2025/2026,2074,Central,0,0,0.02,0.09,0.26,0,17,0,,0.02,0,0.02,0.17,0,0.02,0.17,0,0,0,0,0.04,0.43,-0.04,0.39,0.26,0.13,67,0.22,0,0.35,1.00,1.39,1.40,3.95,3.79,19.62,8.68,0.03,8.29,28.54,1.43,9.85,3.08,4.47,87,3.43,4.83,0.87,65,0.48,57,1.65,0.17,15.67,16.25,6.77,2.43,1.00,31.84,2.73,17,0.69,29,0.26,0.04,0,36.63,77,3.56,21,47,4.82,6.77,14,62,-15,33.51,1.61,0.24,0.26,29.08,96,5.56,1.82,0.13,0.13,0,0.04,0.78,0.91,0,0,0,0,0.17,31,62,6,60,33,7,25.57,23.52,0.91,98,-2.05,23.34,23.06,0,0,0,0,0,,0,0,,0,0,0,0,0,0,23,10,2.40,17,0.04,0.03,0.06,-0.03,,0.11,
Leighanne Robe,Leighanne Robe,Cruz Azul W,2025/2026,3019,Central,0.03,0.03,0.01,0.02,0.57,5,42,0,,0.02,0.03,0.03,0.24,0,0.01,0.15,0.03,0.02,0.09,0.06,0.04,0.80,0.02,0.51,0.42,0.09,82,0.33,0,0.30,0.24,0.86,0.73,3.90,3.24,14.90,5.78,0.07,7.12,25.76,1.01,7.21,2.35,3.22,87,2.12,2.85,1.04,63,0.36,60,0.80,0,11.54,9.97,4.89,1.73,0.69,29.92,2.03,18,0.57,33,0.21,0.03,0,29.54,75,5.13,11,49,4.95,9.48,13,72,-4,32.20,3.10,0.22,0.24,24.95,98,6.27,2.53,0.36,0.24,0.12,0,0.06,0.30,0.03,0,0,0,0,32,63,5,39,61,0,31.22,27.19,0.88,90,-4.03,27.37,24.50,0,0,0,0,0,,0,0,,0,0,0,0,0,0,27,10,3.10,17,0.05,0.07,0.08,-0.01,,0.19,
Leslye Aguilera,Leslye Aguilera,Atlas W,2025/2026,6,Central,0,0,0,,0,,,0,,0,0,0,0,0,0,0,0,0,0,0,0,0,0,0,0,0,,0,0,0,0,14.06,15.57,0,0,14.06,28.13,0,0,31.18,0,14.06,0,14.06,0,0,15.57,0,0,14.06,,0,0,14.06,15.57,0,0,0,15.85,0,0,0,,0,0,0,42.19,33,0,0,0,0,14.06,33,0,-33,14.30,0,0,0,14.06,100,3.52,0,0,0,0,0,0,0,0,,0,,0,67,33,0,,,,32.06,31.41,0.67,,-0.65,21.47,,0,0,0,0,0,,0,0,,0,0,0,0,0,0,33,0,,,-0.02,-0.01,0.02,,,0.00,
Lia Shoenstatt Martínez Ramírez,Lia Shoenstatt Martínez Ramírez,Cruz Azul W,2025/2026,977,Central,0,0,0.02,0.06,0.37,0,25,0,,0.00,0,0.01,0.18,0,0.01,0.18,0,0,0,0,0.03,0.55,-0.03,1.01,0.64,0.37,64,0.37,0,0.37,0.92,1.11,1.14,5.16,5.32,15.11,6.08,0.04,6.17,30.05,2.21,9.40,2.40,3.50,76,2.52,3.66,1.38,47,0.74,49,1.57,0.09,11.33,12.23,4.79,1.84,0.64,34.07,2.12,19,0.64,35,0,0,0,36.85,79,5.07,18,56,6.54,7.74,15,74,-5,35.89,3.41,0.50,0.50,30.77,96,6.02,3.68,0.28,0.28,0,0.09,0.92,1.20,0,0,0,,0.09,31,65,4,53,45,3,26.19,24.41,0.93,100,-1.78,24.24,24.31,0,0,0,0,0,,0,0,,0,0,0,0,0,0,25,10,4.27,21,0.04,0.05,0.00,-0.02,,0.07,
Liliana Harvey,Liliana Harvey,Toluca W,2025/2026,3870,Central,0.02,0.02,0.03,0.10,0.30,8,23,0,,0.02,0.05,0.03,0.47,0.02,0.01,0.28,0.02,0.02,0.19,0.07,0.06,0.77,0.01,0.33,0.23,0.09,71,0.35,0,0.40,0.44,0.95,0.98,3.67,3.65,10.14,4.91,0.05,5.05,27.21,2.19,10.70,1.07,2.02,68,1.28,2.26,0.35,46,0.51,55,0.84,0.05,8.72,8.74,3.42,1.21,0.37,31.50,1.79,21,0.44,37,0.05,0,0,37.90,81,3.40,17,49,4.56,6.02,10,66,-15,34.78,3.40,0.39,0.42,28.91,98,5.54,3.21,0.60,0.23,0.37,0,0.37,0.60,0,23,0.19,62,0.02,32,65,3,51,48,1,24.63,24.26,0.92,85,-0.36,22.56,20.59,0,0,0,0,0,,0,0,,0,0,0,0,0,0,19,7,4.22,23,0.10,0.06,0.04,-0.01,,0.19,
Liliana Magaña,Liliana Magaña,Puebla W,2025/2026,1534,Central,0,0,0.02,0.09,0.18,0,33,0,,0.03,0,0.00,0.12,0,0.00,0.12,0,0,0,0,0.02,0.29,-0.02,0.35,0.18,0.18,50,0.59,0,0.35,0.41,1.58,1.13,4.81,3.65,18.90,8.22,0.03,7.16,31.63,2.00,9.04,2.05,3.64,69,1.66,2.79,1.76,43,0.94,55,1.29,0,15.08,11.03,5.16,3.17,0.82,35.14,3.46,23,1.29,41,0.29,0,0,29.34,73,2.82,11,48,5.69,5.05,18,66,-7,35.32,2.35,0.11,0.11,23.59,97,3.93,2.76,0.29,0.29,0,0,0.41,0.70,0,0,0,0,0.06,50,49,1,60,40,0,23.05,20.54,0.95,103,-2.51,21.80,21.14,0,0,0,0,0,,0,0,,0,0,0,0,0,0,31,14,1.41,16,0.07,0.05,0.03,0.01,,0.16,
Maria Fátima Barone Mora,Maria Fátima Barone Mora,Querétaro W,2025/2026,313,Central,0,0,0.06,0.07,0.86,0,67,1,,0.19,0,0,0,0,0,0,0,0,0,0,0.06,0.86,-0.06,0.58,0.58,0,100,0.58,0,0,0,0.86,1.04,8.06,6.50,17.56,10.07,0.03,8.63,23.17,1.15,8.92,3.74,4.61,81,3.86,4.90,2.88,75,0.86,71,2.88,0,10.94,10.23,4.32,1.73,0.29,28.26,1.73,16,0.29,17,0.29,0,0,27.92,63,1.73,80,19,9.21,8.06,12,69,6,31.28,1.44,0.03,0.06,18.71,98,5.33,1.15,0.29,0.29,0,0,0.58,0.86,0,0,0,,0,44,51,5,50,50,0,28.83,25.31,0.76,80,-3.52,21.87,20.34,0,0,0,0,0,,0,0,,0,0,0,0,0,0,32,4,1.09,10,0.06,0.05,-0.11,0.06,,0.06,
Mariana Cadena,Mariana Cadena,Juárez W,2025/2026,508,Central,0,0,0.02,0.07,0.35,0,50,0,,0.00,0,0.01,0.35,0,0.01,0.35,0,0,0,0,0.03,0.71,-0.03,0.71,0.53,0.18,75,1.06,0,1.06,0.35,2.13,2.68,4.96,4.82,12.77,7.62,0.06,7.27,26.79,1.06,10.46,1.95,4.08,73,1.70,4.38,0.53,20,0.71,83,1.77,0.53,10.28,9.60,4.26,2.30,1.06,29.23,1.24,12,0.71,31,0.18,0,0,37.41,82,3.55,73,63,5.50,5.14,12,58,-25,33.34,2.48,0.33,0.35,28.90,98,4.27,2.48,0.18,0.18,0,0,1.06,1.24,0,0,0,0,0,35,63,2,64,36,0,22.05,18.51,0.96,87,-3.54,21.08,16.02,0,0,0,0,0,,0,0,,0,0,0,0,0,0,19,9,1.84,17,0.06,0.07,0.04,-0.02,,0.14,
Mariana Cadena,Mariana Cadena,Pachuca W,2025/2026,505,Central,0.18,0,0.10,0.18,0.53,0,67,0,100,0.11,0.18,0.00,0.18,0.18,0.00,0.18,0,0,0,0.18,0.10,0.71,0.08,1.60,0.89,0.71,56,0.36,0,0.53,0.89,1.25,2.03,1.25,1.82,12.29,5.70,0.06,5.70,34.34,3.92,11.58,1.78,3.03,91,2.89,4.92,0.53,50,0.18,60,1.60,0,9.98,15.68,4.81,1.43,0.71,36.11,2.32,23,0.36,25,0,0,0,64.67,87,4.45,81,71,2.32,5.17,11,73,-14,37.51,4.99,1.06,1.06,54.16,97,5.09,5.88,0,0,0,0.18,1.60,1.60,0,,0,,0.18,35,63,3,45,52,3,22.00,21.41,0.97,91,-0.59,21.35,19.56,0,0,0,0,0,,0,0,,0,0,0,0,0,0,16,7,5.54,23,0.10,0.08,0.08,0.03,,0.29,
Mariza,Mariza,Tigres UANL W,2025/2026,1543,Central,0,0,0.02,0.11,0.23,0,0,0,,0,0.06,0.06,0.41,0.06,0.06,0.41,0,0,0,0.06,0.08,0.64,-0.02,0.29,0.23,0.06,80,0.41,0,0.17,0.35,1.22,1.73,4.26,5.56,8.63,3.44,0.04,5.19,27.31,3.85,14.76,1.92,3.15,83,2.77,4.50,0.41,68,0.41,69,1.05,0.12,6.30,8.65,3.09,1.22,0.47,32.53,1.63,26,0.64,52,0.23,0,0,62.76,83,8.92,27,68,5.42,12.02,8,74,-9,39.86,6.77,0.73,0.80,49.17,99,5.34,7.35,0.82,0.70,0.12,0,0.64,1.34,0.06,21,0.17,60,0.06,29,70,1,36,64,0,25.43,26.59,0.95,95,1.16,24.21,25.14,0,0,0,0,0,,0,0,,0,0,0,0,0,0,15,5,4.98,27,0.21,0.09,0.09,-0.02,,0.37,
María Alejandra Peraza Romero,María Alejandra Peraza Romero,Santos Laguna W,2025/2026,1794,Central,0.05,0.05,0.03,0.13,0.20,25,25,0,,0.05,0,0.02,0.30,0,0.01,0.20,0,0.01,0.10,0.05,0.04,0.50,0.01,0.10,0.10,0,100,0.65,0,0.50,0.50,0.55,0.45,3.16,2.42,11.64,5.02,0.06,5.82,25.72,1.25,9.58,2.16,2.71,77,1.60,2.05,0.85,39,0.65,42,1.05,0.10,8.63,6.40,3.81,2.06,1.00,29.04,1.30,15,0.55,27,0.30,0,0.05,27.89,68,2.56,21,39,3.81,5.87,13,54,-14,32.65,1.35,0.22,0.24,20.97,97,4.77,1.20,0.20,0,0.20,0.10,0.90,0.90,0,0,0,0,0.15,45,52,4,67,29,4,25.43,21.44,0.89,88,-4.00,22.64,18.84,0,0,0,0,0,,0,0,,0,0,0,0,0,0,31,8,2.50,17,0.05,0.04,-0.01,0.02,,0.10,
María Andrea Sánchez,María Andrea Sánchez,León W,2025/2026,601,Central,0,0,0.00,0.01,0.30,0,0,0,,0,0,0,0,0,0,0,0,0,0,0,0.00,0.30,0.00,0.15,0.15,0,100,0.45,0,0.15,0,0.75,0.44,4.49,2.84,11.53,6.59,0.03,4.34,24.89,0.75,5.69,1.35,2.10,64,0.84,1.28,1.20,29,0.75,38,0.45,0,8.99,6.09,2.85,1.35,0.30,26.21,0.15,2,0,0,0.15,0,0,27.26,68,2.70,86,33,4.94,7.79,5,70,2,30.78,1.05,0.04,0.04,21.27,99,4.33,0.90,0.15,0,0.15,0,0,0,0,0,0,0,0,34,64,2,50,50,0,27.13,25.09,0.86,66,-2.04,23.24,16.46,0,0,0,0,0,,0,0,,0,0,0,0,0,0,31,9,1.32,11,0.05,0.04,0.10,-0.01,,0.17,
María Fernanda Canseco Bracamontes,María Fernanda Canseco Bracamontes,Mazatlán W,2025/2026,1771,Central,0,0,0.01,0.08,0.15,0,0,0,,0,0,0.00,0.05,0,0.00,0.05,0,0,0,0,0.01,0.20,-0.01,0.10,0.05,0.05,50,0.25,0.05,0.30,0.15,0.97,0.42,4.12,1.71,8.79,4.32,0.05,5.28,23.78,1.02,9.25,0.91,1.88,69,0.36,0.78,0.41,38,0.41,56,1.17,0,7.47,3.13,3.30,1.22,0.46,30.54,1.12,15,0.46,38,0,0,0,20.73,71,0.91,33,32,4.27,2.69,19,71,0,32.67,0.76,0.06,0.08,13.21,97,3.71,1.07,0.05,0.05,0,0,0.41,0.46,0,0,0,0,0,44,51,4,48,48,5,20.96,14.48,0.87,96,-6.48,18.14,13.84,0,0,0,0,0,,0.02,0,0,0.20,0,0,0,0,0,30,13,1.01,12,0.03,0.07,-0.01,-0.02,0.00,0.06,
María Fernanda Daniela Pérez Limón,María Fernanda Daniela Pérez Limón,Querétaro W,2025/2026,2733,Central,0.03,0,0.06,0.11,0.56,0,24,0,100,0.03,0.03,0.05,0.33,0.03,0.05,0.26,0,0.00,0.07,0.03,0.11,0.89,-0.08,0.33,0.33,0,100,0.26,0,0.30,0.13,1.19,1.03,5.17,4.72,13.73,6.09,0.03,5.93,26.00,1.91,10.14,1.68,2.87,73,1.73,2.76,1.15,45,0.63,53,1.02,0.07,10.90,9.85,4.28,2.27,0.96,29.99,1.81,17,0.79,35,0.13,0,0,29.25,75,3.43,12,42,6.03,7.31,11,66,-9,32.99,1.88,0.15,0.21,21.18,98,4.21,1.71,0.23,0.03,0.20,0.10,1.22,1.25,0.03,14,0.07,67,0.10,39,56,6,62,35,4,26.64,24.97,0.87,94,-1.67,23.14,23.37,0,0,0,0,0,,0,0,,0,0,0,0,0,0,28,11,2.61,20,0.08,0.07,0.00,-0.06,,0.07,
Merel van Dongen,Merel van Dongen,Monterrey W,2025/2026,36,Central,0,0,0.18,0.04,5.00,0,50,0,,0.18,0,0,0,0,0,0,0,0,0,0,0.18,5.00,-0.18,0,0,0,,0,0,0,0,0,0,0,0,9.99,7.49,0,7.49,40.44,0,2.50,0,0,,0,0,0,,0,100,2.50,0,9.99,13.72,5.00,0,0,48.23,2.50,25,0,,0,0,0,42.46,90,2.50,94,50,0,5.00,5,0,-90,41.38,2.50,0,0,37.47,100,5.69,2.50,0,0,0,0,0,0,0,,0,,0,25,75,0,0,100,0,24.01,26.25,0.91,,2.25,21.93,,0,0,0,0,0,,0,0,,0,0,0,0,0,0,10,5,,,0.01,0.04,-0.45,-0.16,,-0.56,
Miriam García,Miriam García,Puebla W,2025/2026,3127,Central,0.09,0.09,0.02,0.05,0.35,25,42,0,,0.06,0,0.01,0.17,0,0.01,0.09,0,0.01,0.09,0.09,0.03,0.52,0.06,0.35,0.26,0.09,75,1.21,0,0.49,0.40,1.30,0.75,4.86,3.08,17.73,9.41,0.05,8.66,26.09,1.30,9.04,2.42,3.71,77,1.52,2.27,0.75,53,0.72,56,1.01,0.06,14.56,9.04,6.22,2.33,0.92,30.45,2.36,16,0.72,31,0.06,0,0,24.15,70,2.76,7,42,5.32,6.19,13,70,0,33.26,1.76,0.09,0.10,17.85,96,5.24,1.21,0.17,0.06,0.12,0.03,0.78,0.83,0.03,17,0.03,33,0.03,37,58,4,55,45,0,26.25,21.12,0.88,98,-5.13,23.21,20.78,0,0,0,0,0,,0,0,,0,0,0,0,0,0,29,11,1.65,18,0.03,0.04,0.14,0.00,,0.21,
Mitsy Ramirez,Mitsy Ramirez,Toluca W,2025/2026,1753,Central,0,0,0.00,0.03,0.10,0,50,0,,0.00,0,0.00,0.10,0,0.00,0.10,0,0,0,0,0.01,0.21,-0.01,0.15,0.05,0.10,33,0.46,0,0.21,0.41,1.39,1.50,3.34,3.74,20.59,9.55,0.00,8.01,31.46,1.59,9.65,1.69,3.08,73,1.81,3.31,1.64,64,0.62,46,1.18,0.10,17.30,17.79,6.32,2.98,1.03,34.23,3.85,22,0.77,26,0.21,0.05,0.05,32.40,85,3.13,15,61,4.21,4.26,13,70,-16,32.82,1.28,0.31,0.31,24.80,98,3.88,1.44,0,0,0,0,0.41,0.41,0,,0,0,0.10,30,65,4,54,46,0,23.36,21.49,0.96,102,-1.86,22.43,21.85,0,0,0,0,0,,0,0,,0,0,0,0,0,0,18,8,2.42,13,0.04,0.03,-0.01,0.00,,0.06,
Mónica Alvarado,Mónica Alvarado,Pumas UNAM W,2025/2026,1369,Central,0,0,0.03,0.07,0.46,0,29,0,,0.00,0,0.04,0.33,0,0.04,0.33,0,0,0,0,0.07,0.79,-0.07,0.07,0,0.07,0,0.26,0,0.26,0.33,1.58,1.25,4.80,3.52,12.43,5.79,0.10,4.73,24.71,1.64,9.66,1.64,3.22,71,1.34,2.58,0.46,50,0.66,68,2.24,0,10.32,8.16,3.02,1.51,0.26,29.19,1.31,13,0.53,35,0,0,0,24.92,78,2.37,18,69,5.19,3.02,11,64,-14,34.45,1.18,0.44,0.49,15.71,97,4.88,1.38,0.07,0.07,0,0.07,1.31,1.38,0,0,0,0,0.20,33,65,2,43,52,5,22.32,19.30,0.99,119,-3.02,22.18,22.92,0,0,0,0,0,,0,0,,0,0,0,0,0,0,27,11,2.75,18,0.04,0.03,0.06,-0.02,,0.10,
N.Herbert Martínez,N.Herbert Martínez,Necaxa W,2025/2026,285,Central,0,0,0,,0,,,0,,0,0,0.00,0.32,0,0.00,0.32,0,0,0,0,0.00,0.32,0.00,0,0,0,,0.63,0,0.95,0.32,0.95,0.51,6.31,3.22,29.05,14.21,0.01,14.84,24.33,1.26,8.52,5.05,6.00,80,2.38,2.89,0.95,67,1.26,75,0.95,0.32,23.05,11.36,10.10,5.05,1.58,26.92,1.26,5,0,0,0.32,0,0,18.00,64,3.47,7,41,6.63,8.21,14,50,-14,33.81,1.89,0.07,0.07,12.63,95,4.48,1.26,0.32,0,0.32,0,0,0,0,0,0,,0,53,43,4,75,25,0,27.97,18.21,0.81,115,-9.76,22.79,20.95,0,0,0,0,0,,0,0,,0,0,0,0,0,0,26,11,0.44,6,0.05,0.04,0.09,,,0.19,
Natalia Colin,Natalia Colin,Tigres UANL W,2025/2026,1073,Central,0.17,0.17,0.02,0.07,0.34,50,50,0,,0.03,0.08,0.02,0.25,0.08,0.02,0.25,0,0,0,0.25,0.04,0.59,0.21,0.34,0.25,0.08,75,0.42,0,0.17,0.34,1.01,1.43,2.01,2.96,10.49,4.11,0.03,4.70,33.95,3.36,11.75,2.01,3.02,80,2.91,4.34,0.84,60,0.50,56,0.84,0,7.64,10.69,3.44,1.93,0.92,36.36,2.27,30,1.17,61,0.08,0,0,60.50,86,5.71,12,67,2.94,7.64,10,68,-18,42.56,8.89,0.77,0.79,50.09,99,6.34,10.24,0.84,0.84,0,0,0.84,1.68,0.17,10,0.08,17,0,25,72,3,36,61,2,23.42,23.30,0.96,101,-0.12,22.40,23.61,0,0,0,0,0,,0,0,,0,0,0,0,0,0,14,6,5.65,26,0.14,0.13,0.05,0.01,,0.33,
Nataly Jocelyn Roque Elizondo,Nataly Jocelyn Roque Elizondo,Necaxa W,2025/2026,1780,Central,0.05,0.05,0.01,0.03,0.40,13,25,1,,0.01,0,0.01,0.25,0,0.01,0.20,0,0.00,0.05,0.05,0.02,0.66,0.03,0.30,0.15,0.15,50,0.51,0,0.10,0.86,0.81,0.28,2.98,1.07,19.72,9.15,0.03,7.28,33.22,1.77,7.03,1.87,2.68,71,0.86,1.14,1.21,39,0.76,32,0.56,0,16.63,6.46,5.31,3.74,0.91,37.87,4.75,29,1.72,46,0.10,0,0.05,16.58,71,0.76,18,50,2.98,1.52,22,64,-7,36.70,0.76,0.04,0.05,11.07,94,4.65,1.31,0.10,0.05,0.05,0,0.30,0.35,0.05,0,0,,0,31,59,10,31,65,4,17.46,12.80,0.97,111,-4.65,16.99,14.19,0,0,0,0,0,,0,0,,0,0,0,0,0,0,32,13,1.03,12,0.02,0.02,0.00,-0.01,,0.03,
Nathaly Martínez,Nathaly Martínez,Querétaro W,2025/2026,982,Central,0,0,0.03,0.07,0.46,0,20,0,,0.01,0,0.00,0.27,0,0.00,0.18,0,0.00,0.09,0,0.04,0.73,-0.04,0.55,0.46,0.09,83,0.46,0,0.46,0.46,1.01,0.86,4.58,4.39,13.65,5.41,0.02,6.14,25.92,1.83,9.99,2.47,3.48,75,2.57,3.44,0.46,60,0.82,58,1.28,0.09,10.72,9.61,3.94,1.10,0.64,28.41,1.10,10,0.27,25,0.09,0,0,28.59,75,1.47,39,43,4.67,3.30,9,67,-9,40.48,2.75,0.15,0.15,21.44,96,4.21,2.84,0,0,0,0,0.64,0.64,0,,0,0,0,37,57,6,35,58,6,19.66,15.37,0.95,106,-4.29,18.76,16.23,0,0,0,0,0,,0,0,,0,0,0,0,0,0,23,11,1.72,16,0.04,0.05,0.10,-0.04,,0.15,
Noemi Granados,Noemi Granados,Juárez W,2025/2026,3215,Central,0.06,0.06,0.03,0.04,0.70,8,48,1,,0.03,0.06,0.04,0.39,0.06,0.04,0.36,0,0.00,0.03,0.11,0.07,1.09,0.05,0.95,0.62,0.34,65,0.67,0,0.67,0.95,1.82,2.17,3.08,3.59,16.82,8.01,0.02,6.77,32.49,3.25,13.10,2.55,4.37,72,2.88,5.04,1.26,48,0.98,63,0.90,0.11,13.02,14.56,4.65,2.60,0.87,35.11,2.94,23,1.01,39,0.14,0,0,47.28,73,3.92,24,44,4.53,7.53,16,62,-11,38.29,4.81,0.31,0.34,38.40,97,5.75,4.90,0.45,0.42,0.03,0.06,0.62,1.04,0.11,25,0.11,18,0.06,36,60,4,45,51,4,23.31,21.37,0.90,92,-1.94,21.01,19.76,0,0,0,0,0,,0,0,,0,0,0,0,0,0,29,10,3.23,23,0.08,0.08,0.05,-0.02,,0.19,
Osinachi Ohale,Osinachi Ohale,Pachuca W,2025/2026,2574,Central,0.10,0.10,0.05,0.11,0.49,21,29,0,,0.08,0,0.01,0.14,0,0.01,0.14,0,0,0,0.10,0.06,0.63,0.04,0.35,0.24,0.10,70,0.84,0,0.59,0.52,0.80,1.01,3.32,4.12,12.06,5.14,0.04,6.43,30.68,1.75,10.70,1.12,1.92,86,1.63,2.64,0.94,60,0.17,77,1.68,0.17,10.07,12.95,4.72,2.10,0.94,34.10,2.17,22,0.70,33,0.10,0,0,45.21,84,3.36,17,54,4.23,5.28,13,73,-12,34.48,2.45,0.60,0.63,36.22,98,4.69,2.66,0.03,0.03,0,0,1.15,1.19,0.03,0,0,,0.03,29,65,6,50,49,1,23.01,22.96,0.94,99,-0.04,21.60,22.72,0,0,0,0,0,,0,0,,0,0,0,0,0,0,19,8,3.36,17,0.05,0.05,0.07,-0.01,,0.15,
Paulina Ramos,Paulina Ramos,Mazatlán W,2025/2026,425,Central,0,0,0,,0,,,0,,0,0,0.00,0.21,0,0.00,0.21,0,0,0,0,0.00,0.21,0.00,0,0,0,,0.21,0,0.42,0.64,1.48,0.76,3.18,1.48,19.93,8.69,0.01,7.00,23.35,1.06,8.27,3.39,4.88,80,2.01,2.77,0.64,60,0.85,0,0,0,15.90,7.60,5.94,1.27,0.42,24.65,0.85,5,0,0,0,0,0,22.90,65,0.85,9,29,3.39,2.76,21,57,-8,35.67,1.91,0.16,0.16,15.05,94,4.06,2.12,0.21,0.21,0,0,0.21,0.42,0,100,0.21,50,0,52,44,4,50,50,0,19.69,16.49,0.89,105,-3.19,17.47,17.29,0,0,0,0,0,,0,0,,0,0,0,0,0,0,37,12,1.27,15,0.04,0.03,0.04,,,0.10,
Reyna Velázquez,Reyna Velázquez,Mazatlán W,2025/2026,1002,Central,0,0,0.01,0.05,0.18,0,100,0,,0.04,0,0.01,0.18,0,0.01,0.18,0,0,0,0,0.02,0.36,-0.02,0.45,0.45,0,100,0.72,0,0.09,0.54,1.53,0.48,4.31,2.48,14.38,6.47,0.03,7.28,23.60,0.81,9.25,1.80,3.32,80,1.14,1.61,0.63,67,0.45,40,0.54,0.09,11.95,6.45,5.48,1.80,1.17,26.84,0.90,8,0.18,10,0.18,0,0,21.65,66,1.26,29,30,5.12,3.41,22,62,-4,30.84,0.90,0.12,0.13,16.71,97,6.09,0.90,0,0,0,0.09,0.45,0.45,0,,0,,0.09,42,51,7,40,50,10,24.39,20.99,0.89,100,-3.40,21.77,21.06,0,0,0,0,0,,0,0,,0,0,0,0,0,0,38,14,1.69,18,-0.01,0.09,0.00,0.00,,0.08,
Samantha López,Samantha López,Guadalajara W,2025/2026,1452,Central,0.19,0.19,0.08,0.13,0.62,30,40,0,,0.16,0,0,0,0,0,0,0,0,0,0.19,0.08,0.62,0.11,1.30,0.99,0.31,76,1.55,0,0.74,1.12,1.30,1.62,2.79,3.05,13.45,6.63,0.05,7.87,26.40,1.61,13.08,1.74,3.04,76,1.91,3.53,0.62,53,0.56,69,1.92,0.06,11.10,12.69,5.33,1.80,0.87,27.40,0.99,9,0.25,14,0.19,0,0,41.54,75,6.32,79,55,3.72,10.60,11,60,-15,31.00,2.79,0.30,0.37,34.90,96,6.65,2.67,0.12,0.12,0,0,1.12,1.24,0.06,0,0,,0,40,57,4,53,47,0,26.87,21.11,0.92,99,-5.75,24.73,20.90,0,0,0,0,0,,0,0,,0,0,0,0,0,0,30,9,1.89,12,0.03,0.09,0.04,0.04,,0.20,
Tanna Sánchez,Tanna Sánchez,Monterrey W,2025/2026,1025,Central,0,0,0.04,0.07,0.53,0,17,0,,0.00,0.09,0.09,0.53,0.09,0.09,0.53,0,0,0,0.09,0.13,1.05,-0.04,0.26,0.18,0.09,67,0.26,0,0.09,0.70,1.14,1.55,3.16,3.47,11.50,5.09,0.06,5.62,28.83,1.58,10.18,1.58,2.72,64,1.98,3.53,0.97,41,0.88,54,0.61,0,8.95,10.68,3.60,2.11,0.44,31.96,1.58,18,0.79,38,0.18,0,0,46.35,78,5.18,6,53,4.30,8.60,10,55,-23,35.86,3.77,0.42,0.48,38.01,98,4.90,4.74,0.61,0.61,0,0.18,1.32,1.93,0.18,29,0.26,100,0.18,32,65,2,35,65,0,24.39,23.37,0.92,79,-1.02,22.39,18.52,0,0,0,0,0,,0,0,,0,0,0,0,0,0,24,9,4.64,25,0.15,0.07,0.07,-0.04,,0.25,
V.Delgado,V.Delgado,Mazatlán W,2025/2026,3324,Central,0.03,0.03,0.03,0.09,0.27,10,40,0,,0.03,0.03,0.02,0.27,0,0.02,0.16,0.03,0.00,0.11,0.05,0.05,0.54,0.01,0.19,0.14,0.05,71,0.19,0,0.16,0.19,1.90,0.80,5.39,2.66,14.48,6.47,0.05,7.96,23.30,0.68,10.13,2.33,4.22,83,1.22,2.02,0.46,57,0.49,50,1.06,0.08,11.72,5.81,5.44,1.54,0.60,26.43,0.70,6,0.19,12,0.19,0,0,24.01,64,2.84,29,32,6.63,7.66,19,60,-4,30.01,1.25,0.13,0.15,16.35,98,5.31,0.81,0.16,0.05,0.11,0.08,0.73,0.79,0.05,0,0.03,20,0.11,42,55,3,43,53,3,28.46,23.95,0.81,86,-4.51,23.01,20.67,0,0,0,0,0,,0,0,,0,0,0,0,0,0,34,9,1.39,16,0.07,0.06,0.08,0.00,,0.20,
Valeria Aurora Miranda Rodríguez,Valeria Aurora Miranda Rodríguez,Cruz Azul W,2025/2026,2372,Central,0.04,0.04,0.01,0.05,0.11,33,33,0,,0.01,0,0.00,0.15,0,0.00,0.15,0,0,0,0.04,0.01,0.27,0.03,0.04,0,0.04,0,0.80,0,0.11,0.34,1.06,0.98,5.05,4.49,11.72,4.86,0.05,6.60,26.68,1.44,9.52,0.91,1.97,56,0.78,1.76,0.34,38,0.72,53,1.14,0,10.47,8.93,3.87,1.33,0.57,32.12,2.12,20,0.42,31,0.04,0,0,30.01,77,2.92,81,51,5.65,5.12,11,57,-20,34.34,2.58,0.22,0.22,21.44,98,6.81,3.04,0.23,0.23,0,0,0.23,0.46,0,17,0.04,33,0,37,60,4,61,38,1,24.62,23.22,0.92,92,-1.40,22.78,21.39,0,0,0,0,0,,0,0,,0,0,0,0,0,0,25,8,2.58,14,0.03,0.06,0.05,-0.01,,0.13,
Valeria Del Campo,Valeria Del Campo,Monterrey W,2025/2026,2995,Central,0.03,0.03,0.08,0.15,0.57,5,26,0,,0.05,0.06,0.02,0.21,0.06,0.02,0.18,0,0.00,0.03,0.09,0.10,0.78,-0.01,0.48,0.36,0.12,75,0.93,0,0.39,0.45,1.05,1.16,3.79,3.47,13.01,6.01,0.05,6.94,27.11,1.83,10.22,2.40,3.46,86,2.56,3.72,0.99,81,0.39,65,0.93,0.12,9.62,10.35,4.48,1.95,0.90,31.86,2.04,21,0.72,37,0.06,0,0.03,40.36,82,4.30,28,55,4.75,6.88,12,69,-13,33.85,1.98,0.36,0.44,33.33,98,5.23,2.16,0.06,0.06,0,0.03,0.96,1.02,0.09,50,0.03,50,0.06,32,66,3,43,53,4,24.73,22.42,0.92,91,-2.31,22.75,20.40,0,0,0,0,0,,0,0,,0,0,0,0,0,0,21,10,3.36,20,0.04,0.06,0.00,-0.05,,0.06,
Valeria Razo Correa,Valeria Razo Correa,León W,2025/2026,1353,Central,0.13,0.13,0.10,0.08,1.26,11,37,1,,0.12,0,0.02,0.40,0,0.02,0.40,0,0,0,0.13,0.12,1.66,0.01,0.60,0.47,0.13,78,1.06,0,1.20,0.53,1.80,1.81,2.99,3.42,16.57,8.32,0.04,7.39,37.70,5.32,12.64,1.40,3.19,70,1.33,3.13,0.93,10,0.60,51,1.40,0,14.24,14.14,5.59,3.39,1.26,43.11,6.12,43,2.06,61,0.07,0,0,40.12,80,3.06,14,54,3.79,4.86,17,71,-9,46.81,4.52,0.45,0.56,33.00,97,5.30,6.52,0.40,0.40,0,0.13,1.86,2.26,0,33,0.13,33,0.13,23,71,6,26,72,2,22.18,21.08,0.95,100,-1.11,21.14,21.12,0,0,0,0,0,,0,0,,0,0,0,0,0,0,18,5,4.49,24,0.02,0.06,-0.01,0.00,,0.07,
Wendy Natis,Wendy Natis,Atlético San Luis W,2025/2026,1289,Central,0,0,0.04,0.05,0.77,0,27,1,,0.01,0,0.01,0.14,0,0.01,0.14,0,0,0,0,0.05,0.91,-0.05,0.70,0.35,0.35,50,0.56,0,0.49,0.63,0.84,0.67,5.03,3.32,12.98,5.93,0.05,5.45,25.11,1.68,10.75,2.09,2.93,79,1.50,2.17,1.68,50,0.56,67,1.26,0.07,9.21,7.18,2.86,1.40,0.49,31.39,1.82,20,0.56,40,0.42,0,0.07,23.87,75,2.44,43,43,5.38,5.31,12,67,-7,28.89,1.68,0.18,0.20,19.48,95,4.80,1.26,0,0,0,0,0.77,0.77,0,,0,,0,38,59,2,56,44,0,23.82,19.89,0.89,96,-3.94,21.22,19.04,0,0,0,0,0,,0,0,,0,0,0,0,0,0,32,13,2.34,17,0.05,0.08,0.02,-0.03,,0.12,
Ximena Viñolas Hernández,Ximena Viñolas Hernández,Necaxa W,2025/2026,531,Central,0,0,0.02,0.03,0.85,0,60,1,,0.00,0,0.05,0.51,0,0,0,0,0.05,0.51,0,0.07,1.36,-0.07,0.68,0.68,0,100,0,0,0.34,0.34,1.86,0.67,6.27,2.45,14.75,7.97,0.05,5.59,23.01,0.68,8.64,2.37,4.24,58,0.96,1.64,0.68,38,1.69,70,1.19,0,11.69,4.48,3.56,2.71,0.85,27.60,1.53,13,0.85,31,0,0,0,18.98,48,3.05,22,32,6.95,8.81,9,31,-17,32.78,1.53,0.06,0.06,13.22,96,4.12,0.68,0.85,0.17,0.68,0,0.17,0.34,0,20,0.17,33,0,42,55,3,50,50,0,30.76,24.33,0.81,51,-6.43,24.87,12.35,0,0,0,0,0,,0,0,,0,0,0,0,0,0,29,4,1.08,12,0.03,0.09,0.16,-0.02,,0.26,
Yadira Toraya,Yadira Toraya,Querétaro W,2025/2026,1256,Central,0.07,0.07,0.12,0.27,0.43,17,33,0,,0.09,0,0.02,0.21,0,0.01,0.14,0,0.00,0.07,0.07,0.13,0.64,-0.06,0.21,0.14,0.07,67,0.36,0,0.14,0.36,1.50,1.41,6.45,5.53,14.40,6.59,0.04,7.02,24.04,1.65,9.17,1.93,3.44,84,1.87,3.28,1.29,67,0.36,58,1.50,0.14,11.25,10.60,4.08,1.65,0.29,26.33,0.79,7,0.29,17,0.21,0,0,26.86,73,4.01,38,56,6.95,6.66,12,60,-12,32.77,1.58,0.15,0.23,17.84,99,3.73,1.29,0.07,0,0.07,0.21,1.50,1.50,0.07,0,0.07,100,0.29,43,53,3,67,33,0,25.25,20.24,0.94,109,-5.01,23.74,21.96,0,0,0,0,0,,0,0,,0,0,0,0,0,0,31,11,2.41,17,0.05,0.04,-0.01,-0.01,,0.08,
Yirleidis Quejada Minota,Yirleidis Quejada Minota,Pachuca W,2025/2026,2537,Central,0.04,0.04,0.03,0.05,0.53,7,27,0,,0.01,0.04,0.04,0.39,0.04,0.04,0.39,0,0,0,0.07,0.06,0.92,0.01,1.06,0.92,0.14,87,0.53,0,0.71,0.46,1.21,1.65,3.09,3.95,12.88,6.10,0.02,6.10,33.09,3.37,12.88,2.13,3.34,86,2.68,4.33,0.82,47,0.35,59,0.57,0.07,9.93,12.61,4.15,1.95,0.85,37.16,2.63,26,0.78,40,0.18,0,0.04,51.55,85,3.26,25,67,3.65,4.33,12,84,-2,41.79,5.32,0.62,0.66,42.54,98,5.24,7.49,0.50,0.32,0.18,0.04,0.75,1.06,0.11,21,0.14,31,0.11,30,64,6,39,53,9,20.66,19.61,0.97,103,-1.05,20.11,20.17,0,0,0,0,0,,0,0,,0,0,0,0,0,0,20,11,5.15,26,0.07,0.10,0.01,-0.03,,0.15,
Yunaira Jessely López Moreno,Yunaira Jessely López Moreno,Juárez W,2025/2026,1699,Central,0.05,0.05,0.02,0.06,0.37,14,29,0,,0.02,0,0.01,0.11,0,0.01,0.11,0,0,0,0.05,0.03,0.48,0.03,0.32,0.26,0.05,83,0.79,0,0.69,0.64,1.17,1.26,4.19,4.45,16.27,7.68,0.03,6.73,28.17,1.54,10.33,2.12,3.28,80,2.52,3.78,1.59,62,0.53,58,1.11,0.05,12.61,13.53,4.13,2.23,0.58,32.30,2.49,20,0.58,26,0.53,0.05,0,38.73,81,3.39,13,57,5.14,4.98,12,71,-10,34.00,2.12,0.24,0.25,32.32,97,4.41,2.17,0.21,0.11,0.11,0.05,0.53,0.64,0,50,0.11,33,0.05,30,67,3,41,56,2,22.32,23.34,0.94,97,1.01,21.05,22.53,0,0,0,0,0,,0,0,,0,0,0,0,0,0,21,9,1.53,12,0.05,0.05,-0.05,-0.03,,0.02,